Return_ID,Order_ID,Return_Date,Return_Reason,Refund_Amount,,,
R0001,O17088,2024-04-12 0:00:00,Late Delivery,1696.73,,,
R0002,O18715,2023-10-13 0:00:00,Damaged,781.94,,damaged,284
R0003,O06552,2023-04-09 0:00:00,Size Issue,4398.54,,late delivery,288
R0004,O02761,2024-07-01 0:00:00,Damaged,3948.08,,size issue,628
R0005,O08099,2023-01-21 0:00:00,Damaged,2094.98,,wrong product,300
R0006,O02723,2025-10-31 0:00:00,Size Issue,1213.63,,,
R0007,O01740,2026-01-19 0:00:00,Size Issue,2713.59,,,
R0008,O11527,2024-11-15 0:00:00,Wrong Product,1006.06,,,
R0009,O02159,2023-10-27 0:00:00,Late Delivery,3082.37,,,
R0010,O01318,2023-04-15 0:00:00,Wrong Product,1046.71,,,
R0011,O03275,2024-02-28 0:00:00,Wrong Product,1498.85,,,
R0012,O11700,2025-07-03 0:00:00,Damaged,1124.28,,,
R0013,O12914,2023-11-05 0:00:00,Size Issue,838,,,
R0014,O19481,2023-11-04 0:00:00,Size Issue,4279.73,,,
R0015,O16636,2025-09-29 0:00:00,Late Delivery,683.61,,,
R0016,O04639,2024-03-02 0:00:00,Damaged,1023.46,,,
R0017,O10097,2026-01-27 0:00:00,Damaged,3010.39,,,
R0018,O16620,2024-01-23 0:00:00,Wrong Product,4241.51,,,
R0019,O05103,2025-10-18 0:00:00,Size Issue,4367.35,,,
R0020,O03418,2023-06-24 0:00:00,Size Issue,483.65,,,
R0021,O09324,2024-09-28 0:00:00,Late Delivery,316.58,,,
R0022,O07228,2023-05-09 0:00:00,Late Delivery,4134.59,,,
R0023,O14259,2025-02-02 0:00:00,Late Delivery,4759.07,,,
R0024,O12429,2023-05-19 0:00:00,Size Issue,4577.39,,,
R0025,O15894,2025-06-26 0:00:00,Size Issue,3997.02,,,
R0026,O07726,2023-09-07 0:00:00,Late Delivery,861.01,,,
R0027,O07255,2023-04-17 0:00:00,Damaged,1859.03,,,
R0028,O02869,2025-05-15 0:00:00,Damaged,1914.74,,,
R0029,O09119,2025-04-15 0:00:00,Damaged,2174.71,,,
R0030,O15239,2023-12-02 0:00:00,Wrong Product,661.47,,,
R0031,O12149,2023-07-25 0:00:00,Size Issue,1288.27,,,
R0032,O13931,2025-12-10 0:00:00,Wrong Product,2430.71,,,
R0033,O19746,2024-12-30 0:00:00,Wrong Product,290.09,,,
R0034,O02417,2025-11-29 0:00:00,Wrong Product,2291.75,,,
R0035,O03542,2023-12-26 0:00:00,Size Issue,4588.5,,,
R0036,O08674,2024-01-15 0:00:00,Damaged,229.16,,,
R0037,O02168,2024-11-04 0:00:00,Late Delivery,2413.08,,,
R0038,O11716,2023-08-07 0:00:00,Damaged,2113.61,,,
R0039,O09807,2023-09-05 0:00:00,Damaged,2806.51,,,
R0040,O10980,2025-01-06 0:00:00,Damaged,803.53,,,
R0041,O08946,2023-11-20 0:00:00,Damaged,2762.78,,,
R0042,O04249,2026-03-06 0:00:00,Late Delivery,1199.2,,,
R0043,O07952,2023-08-29 0:00:00,Late Delivery,2480.25,,,
R0044,O19300,2024-07-23 0:00:00,Late Delivery,634.7,,,
R0045,O00890,2025-05-09 0:00:00,Size Issue,2611.79,,,
R0046,O14433,2023-07-04 0:00:00,Size Issue,605.66,,,
R0047,O17172,2023-12-31 0:00:00,Late Delivery,287.19,,,
R0048,O13240,2024-06-01 0:00:00,Late Delivery,2945.25,,,
R0049,O07356,2024-11-13 0:00:00,Size Issue,1581.52,,,
R0050,O00215,2023-07-19 0:00:00,Damaged,4487.29,,,
R0051,O12676,2025-01-14 0:00:00,Damaged,1559.18,,,
R0052,O01611,2025-11-05 0:00:00,Size Issue,4682.28,,,
R0053,O03804,2024-05-17 0:00:00,Late Delivery,1796.45,,,
R0054,O12643,2025-09-06 0:00:00,Late Delivery,3466.44,,,
R0055,O03506,2026-02-25 0:00:00,Wrong Product,3039.68,,,
R0056,O19189,2024-11-04 0:00:00,Wrong Product,1775.89,,,
R0057,O15017,2024-08-08 0:00:00,Damaged,2298.81,,,
R0058,O03930,2025-10-22 0:00:00,Wrong Product,1570.22,,,
R0059,O00031,2025-06-24 0:00:00,Size Issue,4156.99,,,
R0060,O06116,2026-01-08 0:00:00,Wrong Product,4790.78,,,
R0061,O04125,2023-03-27 0:00:00,Wrong Product,1323.1,,,
R0062,O19422,2023-03-22 0:00:00,Wrong Product,362.05,,,
R0063,O03051,2024-06-19 0:00:00,Late Delivery,3926.51,,,
R0064,O00939,2024-05-24 0:00:00,Wrong Product,1568.67,,,
R0065,O00165,2026-03-15 0:00:00,Wrong Product,3615.97,,,
R0066,O19881,2025-07-23 0:00:00,Damaged,3238.76,,,
R0067,O04514,2024-02-11 0:00:00,Size Issue,1792.94,,,
R0068,O07013,2023-07-21 0:00:00,Damaged,1796.28,,,
R0069,O14240,2023-11-22 0:00:00,Wrong Product,437.77,,,
R0070,O00118,2024-03-25 0:00:00,Wrong Product,3126.91,,,
R0071,O16180,2024-06-07 0:00:00,Size Issue,2490.16,,,
R0072,O11235,2025-09-01 0:00:00,Size Issue,4445.72,,,
R0073,O06994,2024-08-30 0:00:00,Wrong Product,4514.53,,,
R0074,O19653,2023-10-23 0:00:00,Late Delivery,1995.71,,,
R0075,O11274,2024-12-06 0:00:00,Late Delivery,3527.06,,,
R0076,O04850,2024-04-06 0:00:00,Size Issue,4862.56,,,
R0077,O14657,2025-07-06 0:00:00,Damaged,714.21,,,
R0078,O05735,2024-02-26 0:00:00,Size Issue,452.6,,,
R0079,O15015,2024-08-21 0:00:00,Damaged,3049.95,,,
R0080,O16952,2026-03-19 0:00:00,Wrong Product,4309.67,,,
R0081,O11352,2026-02-08 0:00:00,Wrong Product,2226.07,,,
R0082,O11396,2023-02-28 0:00:00,Wrong Product,1341.35,,,
R0083,O03342,2025-07-20 0:00:00,Late Delivery,4076.12,,,
R0084,O19495,2024-01-08 0:00:00,Damaged,3428.23,,,
R0085,O01982,2024-01-14 0:00:00,Size Issue,1815.92,,,
R0086,O14263,2024-08-03 0:00:00,Size Issue,4236.89,,,
R0087,O16085,2024-10-19 0:00:00,Damaged,4885.42,,,
R0088,O08696,2023-04-17 0:00:00,Damaged,3237.98,,,
R0089,O02881,2025-04-26 0:00:00,Wrong Product,2908.35,,,
R0090,O07970,2024-12-02 0:00:00,Size Issue,619.08,,,
R0091,O00786,2023-12-17 0:00:00,Size Issue,2974.82,,,
R0092,O11536,2024-03-22 0:00:00,Late Delivery,1850.93,,,
R0093,O05512,2023-06-22 0:00:00,Late Delivery,151.99,,,
R0094,O10287,2025-02-06 0:00:00,Wrong Product,4370.45,,,
R0095,O18120,2025-10-31 0:00:00,Wrong Product,721.5,,,
R0096,O07916,2023-06-11 0:00:00,Late Delivery,3486.97,,,
R0097,O12073,2024-11-16 0:00:00,Size Issue,3037.44,,,
R0098,O12411,2024-05-21 0:00:00,Wrong Product,4578.24,,,
R0099,O19027,2025-06-15 0:00:00,Damaged,4333.02,,,
R0100,O16721,2023-08-07 0:00:00,Damaged,4871.95,,,
R0101,O03371,2025-11-24 0:00:00,Damaged,1857.21,,,
R0102,O03172,2024-04-03 0:00:00,Damaged,1278.1,,,
R0103,O01917,2024-08-07 0:00:00,Size Issue,1567.87,,,
R0104,O01245,2023-10-20 0:00:00,Wrong Product,284.36,,,
R0105,O18886,2025-12-28 0:00:00,Wrong Product,2390.89,,,
R0106,O13321,2023-09-24 0:00:00,Wrong Product,2168.58,,,
R0107,O15863,2026-01-08 0:00:00,Late Delivery,4781.69,,,
R0108,O04775,2024-10-10 0:00:00,Size Issue,4172.38,,,
R0109,O07474,2023-08-20 0:00:00,Size Issue,3855.56,,,
R0110,O09289,2025-05-18 0:00:00,Size Issue,4232.7,,,
R0111,O12368,2024-10-24 0:00:00,Late Delivery,2403.59,,,
R0112,O07466,2025-02-04 0:00:00,Size Issue,2323.01,,,
R0113,O05462,2023-12-14 0:00:00,Wrong Product,1517.5,,,
R0114,O01278,2023-11-07 0:00:00,Wrong Product,3607.17,,,
R0115,O13653,2024-05-17 0:00:00,Wrong Product,4507.65,,,
R0116,O08135,2024-11-30 0:00:00,Wrong Product,667.73,,,
R0117,O04685,2023-10-04 0:00:00,Wrong Product,2972.13,,,
R0118,O06704,2025-03-01 0:00:00,Size Issue,3564.79,,,
R0119,O11485,2025-09-02 0:00:00,Size Issue,2717.44,,,
R0120,O13391,2023-03-23 0:00:00,Late Delivery,4986.24,,,
R0121,O08320,2023-07-28 0:00:00,Size Issue,548.84,,,
R0122,O09782,2025-03-28 0:00:00,Damaged,3536.24,,,
R0123,O06766,2023-05-25 0:00:00,Late Delivery,1862.96,,,
R0124,O04784,2026-02-04 0:00:00,Wrong Product,2901.06,,,
R0125,O07651,2024-02-08 0:00:00,Wrong Product,4145.89,,,
R0126,O11484,2025-04-19 0:00:00,Wrong Product,777.64,,,
R0127,O15489,2025-04-03 0:00:00,Wrong Product,3816.05,,,
R0128,O12250,2025-05-26 0:00:00,Damaged,1697.25,,,
R0129,O18034,2023-11-15 0:00:00,Damaged,379.12,,,
R0130,O18111,2024-05-03 0:00:00,Late Delivery,4466.29,,,
R0131,O19498,2025-07-26 0:00:00,Wrong Product,2023.29,,,
R0132,O12172,2025-02-26 0:00:00,Wrong Product,2914.97,,,
R0133,O00445,2026-04-02 0:00:00,Wrong Product,1803.99,,,
R0134,O03110,2025-11-01 0:00:00,Size Issue,2930.64,,,
R0135,O01765,2025-04-14 0:00:00,Damaged,1891.12,,,
R0136,O10994,2024-11-06 0:00:00,Size Issue,1336.81,,,
R0137,O01139,2023-10-26 0:00:00,Damaged,125.92,,,
R0138,O16262,2025-02-06 0:00:00,Late Delivery,1076.14,,,
R0139,O13361,2024-01-22 0:00:00,Size Issue,491.91,,,
R0140,O08950,2023-01-10 0:00:00,Wrong Product,1143.93,,,
R0141,O03506,2026-01-26 0:00:00,Late Delivery,1878.68,,,
R0142,O13036,2023-04-30 0:00:00,Late Delivery,1718.22,,,
R0143,O00054,2024-02-12 0:00:00,Size Issue,4079.14,,,
R0144,O19400,2024-08-11 0:00:00,Size Issue,2576.02,,,
R0145,O09191,2023-01-11 0:00:00,Size Issue,4042.98,,,
R0146,O11615,2024-02-23 0:00:00,Size Issue,4910.39,,,
R0147,O03957,2023-03-26 0:00:00,Damaged,4247.39,,,
R0148,O07901,2025-09-21 0:00:00,Damaged,641.97,,,
R0149,O04589,2025-11-12 0:00:00,Wrong Product,2498.88,,,
R0150,O19044,2025-06-16 0:00:00,Wrong Product,4615.42,,,
R0151,O10666,2024-07-20 0:00:00,Wrong Product,305.93,,,
R0152,O13371,2024-09-12 0:00:00,Late Delivery,1810.14,,,
R0153,O11701,2026-04-14 0:00:00,Wrong Product,2593.66,,,
R0154,O10893,2025-12-13 0:00:00,Damaged,2980.12,,,
R0155,O12752,2025-03-21 0:00:00,Wrong Product,1350.86,,,
R0156,O17603,2023-04-01 0:00:00,Late Delivery,2985.97,,,
R0157,O01126,2026-01-13 0:00:00,Late Delivery,4732.38,,,
R0158,O08390,2025-04-28 0:00:00,Wrong Product,1526.72,,,
R0159,O09364,2025-08-12 0:00:00,Damaged,1832.84,,,
R0160,O09036,2023-05-14 0:00:00,Wrong Product,3718.48,,,
R0161,O09955,2023-07-11 0:00:00,Wrong Product,3718.85,,,
R0162,O00744,2024-03-10 0:00:00,Damaged,1604.95,,,
R0163,O12646,2024-09-30 0:00:00,Size Issue,1742.36,,,
R0164,O08084,2024-05-30 0:00:00,Size Issue,1356.71,,,
R0165,O14583,2026-01-01 0:00:00,Late Delivery,1193.36,,,
R0166,O12073,2024-11-03 0:00:00,Damaged,3149.55,,,
R0167,O07364,2024-08-01 0:00:00,Wrong Product,2486.1,,,
R0168,O18314,2024-09-07 0:00:00,Wrong Product,3064.49,,,
R0169,O10951,2023-11-10 0:00:00,Size Issue,1087.68,,,
R0170,O15681,2024-07-15 0:00:00,Damaged,3815.4,,,
R0171,O11672,2024-04-26 0:00:00,Size Issue,3613.53,,,
R0172,O13170,2023-06-30 0:00:00,Size Issue,611.17,,,
R0173,O19042,2025-12-26 0:00:00,Wrong Product,2411.62,,,
R0174,O14178,2026-01-11 0:00:00,Size Issue,680.14,,,
R0175,O12940,2023-01-06 0:00:00,Late Delivery,3067.72,,,
R0176,O19695,2025-04-08 0:00:00,Size Issue,1972.5,,,
R0177,O02720,2024-11-03 0:00:00,Size Issue,2641.07,,,
R0178,O03657,2026-02-23 0:00:00,Late Delivery,1662.62,,,
R0179,O09657,2025-04-30 0:00:00,Damaged,3124.63,,,
R0180,O16293,2024-02-15 0:00:00,Damaged,4811.92,,,
R0181,O03662,2025-04-15 0:00:00,Wrong Product,1747.33,,,
R0182,O10540,2025-06-03 0:00:00,Wrong Product,4802.85,,,
R0183,O11266,2026-03-23 0:00:00,Late Delivery,1659.88,,,
R0184,O16645,2025-12-19 0:00:00,Late Delivery,179.56,,,
R0185,O17796,2023-05-22 0:00:00,Late Delivery,461.87,,,
R0186,O11384,2025-01-07 0:00:00,Late Delivery,2075.54,,,
R0187,O09608,2025-03-24 0:00:00,Late Delivery,1621.7,,,
R0188,O18803,2025-10-30 0:00:00,Damaged,3864.92,,,
R0189,O18095,2024-04-20 0:00:00,Late Delivery,758.49,,,
R0190,O11409,2024-05-29 0:00:00,Damaged,2552.99,,,
R0191,O03873,2023-01-05 0:00:00,Late Delivery,2685.15,,,
R0192,O08587,2024-10-18 0:00:00,Late Delivery,2213.55,,,
R0193,O19581,2023-04-28 0:00:00,Damaged,1246.46,,,
R0194,O15312,2025-02-22 0:00:00,Size Issue,2810.31,,,
R0195,O02243,2023-09-01 0:00:00,Damaged,1825.46,,,
R0196,O18708,2026-03-12 0:00:00,Wrong Product,2565.2,,,
R0197,O09830,2023-07-04 0:00:00,Late Delivery,1889.85,,,
R0198,O08470,2024-02-27 0:00:00,Size Issue,1468.06,,,
R0199,O08217,2023-10-10 0:00:00,Size Issue,1155.93,,,
R0200,O17467,2023-08-06 0:00:00,Size Issue,2740.1,,,
R0201,O19465,2025-03-15 0:00:00,Size Issue,3680.02,,,
R0202,O17829,2023-02-22 0:00:00,Size Issue,3807.2,,,
R0203,O00662,2023-04-11 0:00:00,Size Issue,4845.93,,,
R0204,O19008,2023-06-11 0:00:00,Size Issue,3511.52,,,
R0205,O03348,2023-12-23 0:00:00,Size Issue,148.51,,,
R0206,O09868,2024-08-07 0:00:00,Wrong Product,730.14,,,
R0207,O16561,2025-03-01 0:00:00,Late Delivery,2057.44,,,
R0208,O09025,2025-03-13 0:00:00,Damaged,1283.09,,,
R0209,O03142,2024-07-29 0:00:00,Damaged,1282.14,,,
R0210,O06864,2025-06-21 0:00:00,Damaged,1370.59,,,
R0211,O12045,2023-07-30 0:00:00,Late Delivery,4005.54,,,
R0212,O01760,2023-06-18 0:00:00,Late Delivery,3506.76,,,
R0213,O05165,2023-05-18 0:00:00,Late Delivery,974.7,,,
R0214,O12366,2023-05-02 0:00:00,Size Issue,235.27,,,
R0215,O05428,2025-10-13 0:00:00,Size Issue,3799.61,,,
R0216,O10992,2024-11-11 0:00:00,Size Issue,2026.03,,,
R0217,O14723,2024-12-06 0:00:00,Late Delivery,3169.44,,,
R0218,O01498,2023-11-17 0:00:00,Late Delivery,352.79,,,
R0219,O00514,2024-05-04 0:00:00,Late Delivery,3618.37,,,
R0220,O05289,2023-05-12 0:00:00,Wrong Product,1586.66,,,
R0221,O14808,2025-08-17 0:00:00,Size Issue,2908.91,,,
R0222,O12192,2023-07-18 0:00:00,Size Issue,1642.34,,,
R0223,O03446,2023-12-22 0:00:00,Wrong Product,3983.2,,,
R0224,O13202,2023-02-16 0:00:00,Wrong Product,987.97,,,
R0225,O12712,2024-03-25 0:00:00,Late Delivery,1585.36,,,
R0226,O12911,2025-05-24 0:00:00,Damaged,3634.75,,,
R0227,O17038,2024-06-20 0:00:00,Damaged,1232.26,,,
R0228,O13450,2025-06-09 0:00:00,Size Issue,2337.39,,,
R0229,O09458,2025-12-15 0:00:00,Late Delivery,2516.54,,,
R0230,O19572,2023-02-07 0:00:00,Size Issue,3067.19,,,
R0231,O08769,2025-12-23 0:00:00,Size Issue,2253.88,,,
R0232,O19789,2023-09-27 0:00:00,Wrong Product,3180.14,,,
R0233,O04276,2023-11-23 0:00:00,Wrong Product,2195.31,,,
R0234,O09633,2025-12-22 0:00:00,Wrong Product,4191.09,,,
R0235,O03494,2023-12-05 0:00:00,Damaged,2458.62,,,
R0236,O03218,2025-11-06 0:00:00,Late Delivery,4148.64,,,
R0237,O02279,2024-02-21 0:00:00,Size Issue,3999.65,,,
R0238,O15636,2024-01-08 0:00:00,Damaged,4970.52,,,
R0239,O15564,2025-12-14 0:00:00,Size Issue,899.44,,,
R0240,O10383,2023-06-23 0:00:00,Late Delivery,3901.07,,,
R0241,O05816,2024-06-04 0:00:00,Size Issue,4206.88,,,
R0242,O05161,2026-02-17 0:00:00,Damaged,487.78,,,
R0243,O11652,2024-09-30 0:00:00,Damaged,1755.71,,,
R0244,O00428,2024-09-08 0:00:00,Wrong Product,525.39,,,
R0245,O02776,2023-01-11 0:00:00,Size Issue,431.82,,,
R0246,O15467,2023-10-22 0:00:00,Damaged,1672.76,,,
R0247,O18076,2025-03-31 0:00:00,Late Delivery,4852.79,,,
R0248,O13263,2023-10-03 0:00:00,Late Delivery,3150.39,,,
R0249,O03142,2023-08-15 0:00:00,Size Issue,3467.62,,,
R0250,O02535,2026-02-24 0:00:00,Size Issue,3385.38,,,
R0251,O09660,2025-02-24 0:00:00,Wrong Product,4499.69,,,
R0252,O12140,2024-11-11 0:00:00,Late Delivery,2513.63,,,
R0253,O15709,2025-05-22 0:00:00,Late Delivery,341.97,,,
R0254,O11263,2023-09-08 0:00:00,Wrong Product,3479.16,,,
R0255,O18984,2024-03-02 0:00:00,Size Issue,3840.96,,,
R0256,O10923,2024-07-09 0:00:00,Late Delivery,3313.89,,,
R0257,O00688,2023-11-09 0:00:00,Wrong Product,3928.62,,,
R0258,O01119,2025-05-14 0:00:00,Damaged,2819.78,,,
R0259,O15683,2024-11-11 0:00:00,Wrong Product,1426.78,,,
R0260,O12517,2023-08-17 0:00:00,Wrong Product,2204.06,,,
R0261,O05936,2024-04-07 0:00:00,Late Delivery,1831.4,,,
R0262,O16170,2023-01-10 0:00:00,Wrong Product,1134.07,,,
R0263,O15216,2023-05-07 0:00:00,Wrong Product,3531.06,,,
R0264,O02000,2024-03-17 0:00:00,Damaged,1657.15,,,
R0265,O13304,2024-09-11 0:00:00,Damaged,1802.37,,,
R0266,O09606,2023-05-16 0:00:00,Damaged,4512.71,,,
R0267,O19564,2024-12-29 0:00:00,Wrong Product,4775.37,,,
R0268,O04736,2024-09-03 0:00:00,Size Issue,4054.73,,,
R0269,O09925,2025-02-27 0:00:00,Late Delivery,469.93,,,
R0270,O16304,2025-08-24 0:00:00,Size Issue,623.05,,,
R0271,O14359,2025-12-14 0:00:00,Size Issue,3691.51,,,
R0272,O11219,2023-11-28 0:00:00,Late Delivery,3544.48,,,
R0273,O11141,2025-02-09 0:00:00,Size Issue,414.98,,,
R0274,O13191,2025-06-18 0:00:00,Size Issue,4375.85,,,
R0275,O15627,2025-07-21 0:00:00,Size Issue,4269.84,,,
R0276,O08499,2024-09-21 0:00:00,Size Issue,3979.03,,,
R0277,O13339,2023-12-01 0:00:00,Size Issue,3436.61,,,
R0278,O17729,2023-07-26 0:00:00,Size Issue,3138.7,,,
R0279,O16511,2024-12-05 0:00:00,Wrong Product,1124.33,,,
R0280,O16059,2025-01-19 0:00:00,Wrong Product,4993.14,,,
R0281,O07603,2024-05-11 0:00:00,Wrong Product,3100.45,,,
R0282,O10178,2024-07-21 0:00:00,Late Delivery,1176.82,,,
R0283,O01742,2023-12-21 0:00:00,Size Issue,1627.66,,,
R0284,O12810,2024-06-02 0:00:00,Late Delivery,3697.57,,,
R0285,O11027,2023-05-06 0:00:00,Size Issue,2949.88,,,
R0286,O19222,2024-01-31 0:00:00,Size Issue,4670.87,,,
R0287,O12607,2023-11-21 0:00:00,Size Issue,1034.74,,,
R0288,O03674,2023-06-18 0:00:00,Wrong Product,4264.99,,,
R0289,O09613,2023-05-17 0:00:00,Size Issue,1959.04,,,
R0290,O14478,2024-04-15 0:00:00,Size Issue,1844.48,,,
R0291,O17207,2023-09-22 0:00:00,Wrong Product,1687.76,,,
R0292,O12372,2023-07-06 0:00:00,Wrong Product,1856.03,,,
R0293,O07116,2026-04-02 0:00:00,Wrong Product,992.32,,,
R0294,O18726,2023-12-26 0:00:00,Size Issue,1545.63,,,
R0295,O06699,2024-11-13 0:00:00,Wrong Product,2418.27,,,
R0296,O02354,2024-01-30 0:00:00,Damaged,2579.96,,,
R0297,O14302,2026-03-04 0:00:00,Late Delivery,3602.02,,,
R0298,O00187,2023-05-06 0:00:00,Size Issue,4648.76,,,
R0299,O09069,2024-08-24 0:00:00,Size Issue,2274.48,,,
R0300,O00021,2025-02-24 0:00:00,Late Delivery,4363.98,,,
R0301,O15306,2025-11-27 0:00:00,Damaged,2062.91,,,
R0302,O18810,2024-12-19 0:00:00,Size Issue,1417.27,,,
R0303,O03419,2024-07-03 0:00:00,Late Delivery,278.43,,,
R0304,O16382,2023-01-15 0:00:00,Size Issue,4878.04,,,
R0305,O03434,2024-04-19 0:00:00,Size Issue,2107.33,,,
R0306,O18496,2025-04-25 0:00:00,Late Delivery,2997.94,,,
R0307,O15793,2026-02-02 0:00:00,Size Issue,3923.63,,,
R0308,O08647,2023-01-14 0:00:00,Wrong Product,1265,,,
R0309,O04923,2025-11-02 0:00:00,Size Issue,2390.09,,,
R0310,O13961,2023-01-03 0:00:00,Wrong Product,3112.12,,,
R0311,O05510,2023-11-21 0:00:00,Wrong Product,4090.66,,,
R0312,O15088,2023-12-20 0:00:00,Late Delivery,1087.81,,,
R0313,O07516,2023-12-27 0:00:00,Late Delivery,308.86,,,
R0314,O04212,2023-11-13 0:00:00,Size Issue,4080.1,,,
R0315,O04406,2026-03-14 0:00:00,Late Delivery,4947.58,,,
R0316,O02399,2023-08-13 0:00:00,Size Issue,3722.4,,,
R0317,O09133,2025-05-27 0:00:00,Late Delivery,123.66,,,
R0318,O00411,2023-12-18 0:00:00,Size Issue,1064.1,,,
R0319,O19631,2023-05-27 0:00:00,Wrong Product,2984.49,,,
R0320,O00540,2023-03-18 0:00:00,Size Issue,3323.78,,,
R0321,O17136,2024-12-23 0:00:00,Damaged,1828.33,,,
R0322,O09882,2025-05-15 0:00:00,Damaged,4909.48,,,
R0323,O03494,2024-10-21 0:00:00,Damaged,3191.93,,,
R0324,O13910,2023-01-11 0:00:00,Size Issue,1911.41,,,
R0325,O03479,2023-06-07 0:00:00,Size Issue,1640.89,,,
R0326,O10538,2024-01-11 0:00:00,Late Delivery,3936.22,,,
R0327,O04314,2026-01-17 0:00:00,Damaged,599.57,,,
R0328,O06858,2026-02-06 0:00:00,Damaged,1174.09,,,
R0329,O17844,2024-06-07 0:00:00,Size Issue,2464.5,,,
R0330,O12234,2024-05-11 0:00:00,Size Issue,208.91,,,
R0331,O10278,2025-09-12 0:00:00,Wrong Product,1151.34,,,
R0332,O16402,2024-01-19 0:00:00,Damaged,4032.58,,,
R0333,O03569,2024-06-27 0:00:00,Size Issue,4955.11,,,
R0334,O01801,2026-02-23 0:00:00,Size Issue,4009.21,,,
R0335,O19361,2025-07-15 0:00:00,Damaged,1366.07,,,
R0336,O16086,2025-12-22 0:00:00,Late Delivery,4806.63,,,
R0337,O13127,2023-06-21 0:00:00,Damaged,612.83,,,
R0338,O18458,2024-02-23 0:00:00,Damaged,4656.58,,,
R0339,O19477,2024-03-09 0:00:00,Size Issue,4756.57,,,
R0340,O16403,2025-05-28 0:00:00,Size Issue,164.92,,,
R0341,O09689,2025-07-02 0:00:00,Size Issue,3647.03,,,
R0342,O00232,2023-07-28 0:00:00,Size Issue,3046.46,,,
R0343,O05549,2025-10-11 0:00:00,Wrong Product,2951.37,,,
R0344,O18181,2025-12-27 0:00:00,Late Delivery,379.28,,,
R0345,O14525,2024-04-07 0:00:00,Size Issue,1882.43,,,
R0346,O06185,2026-01-06 0:00:00,Wrong Product,3299.71,,,
R0347,O02412,2023-12-15 0:00:00,Late Delivery,2377,,,
R0348,O01898,2024-07-31 0:00:00,Size Issue,4684.44,,,
R0349,O03857,2024-07-05 0:00:00,Size Issue,849.33,,,
R0350,O05337,2025-04-04 0:00:00,Size Issue,1378.61,,,
R0351,O01913,2026-03-02 0:00:00,Wrong Product,3272.63,,,
R0352,O16134,2024-01-13 0:00:00,Wrong Product,2718.51,,,
R0353,O08141,2024-12-25 0:00:00,Size Issue,1205.76,,,
R0354,O15184,2024-07-15 0:00:00,Late Delivery,2550.12,,,
R0355,O09512,2023-10-29 0:00:00,Wrong Product,430.84,,,
R0356,O05927,2023-08-31 0:00:00,Size Issue,4455.85,,,
R0357,O18083,2023-12-21 0:00:00,Damaged,1356.17,,,
R0358,O12090,2025-09-26 0:00:00,Wrong Product,3755.6,,,
R0359,O10860,2023-02-19 0:00:00,Wrong Product,4028.41,,,
R0360,O03501,2023-03-05 0:00:00,Late Delivery,1531.85,,,
R0361,O05636,2025-01-25 0:00:00,Size Issue,2460.4,,,
R0362,O08583,2025-02-15 0:00:00,Damaged,3612.02,,,
R0363,O08812,2025-08-04 0:00:00,Size Issue,1470.94,,,
R0364,O09597,2024-08-07 0:00:00,Size Issue,4890.45,,,
R0365,O19103,2023-03-28 0:00:00,Late Delivery,103.89,,,
R0366,O13141,2025-07-25 0:00:00,Size Issue,2732.21,,,
R0367,O02839,2024-08-20 0:00:00,Late Delivery,1344.18,,,
R0368,O14557,2025-06-22 0:00:00,Damaged,1416.13,,,
R0369,O01977,2025-09-05 0:00:00,Size Issue,4964.91,,,
R0370,O13797,2023-06-27 0:00:00,Damaged,719.67,,,
R0371,O09259,2025-04-22 0:00:00,Size Issue,2760.9,,,
R0372,O11430,2026-02-27 0:00:00,Late Delivery,2668.19,,,
R0373,O18748,2024-05-20 0:00:00,Size Issue,3434.58,,,
R0374,O01829,2023-06-12 0:00:00,Size Issue,2680.38,,,
R0375,O00446,2024-10-14 0:00:00,Size Issue,1435.24,,,
R0376,O11161,2023-08-19 0:00:00,Damaged,2496.49,,,
R0377,O07138,2025-07-21 0:00:00,Wrong Product,3770.51,,,
R0378,O12767,2023-07-23 0:00:00,Size Issue,4661.48,,,
R0379,O01563,2024-07-09 0:00:00,Damaged,115.14,,,
R0380,O19601,2023-07-02 0:00:00,Damaged,3512.24,,,
R0381,O03570,2023-10-29 0:00:00,Size Issue,2180.37,,,
R0382,O12931,2024-10-09 0:00:00,Size Issue,3877.77,,,
R0383,O19255,2023-04-27 0:00:00,Wrong Product,2632.63,,,
R0384,O04510,2024-10-27 0:00:00,Late Delivery,1154.22,,,
R0385,O18871,2023-09-10 0:00:00,Wrong Product,3862.23,,,
R0386,O07833,2024-06-16 0:00:00,Late Delivery,4443.66,,,
R0387,O06636,2023-10-05 0:00:00,Size Issue,883.4,,,
R0388,O00190,2025-06-08 0:00:00,Size Issue,387.89,,,
R0389,O02607,2024-03-18 0:00:00,Damaged,3172.82,,,
R0390,O00966,2023-09-15 0:00:00,Size Issue,1841.68,,,
R0391,O18455,2024-09-28 0:00:00,Wrong Product,839.77,,,
R0392,O15961,2023-04-02 0:00:00,Late Delivery,1645.94,,,
R0393,O05471,2024-12-07 0:00:00,Size Issue,2797.42,,,
R0394,O17567,2025-11-12 0:00:00,Size Issue,1018.63,,,
R0395,O07058,2025-03-18 0:00:00,Size Issue,4205.37,,,
R0396,O17385,2024-10-17 0:00:00,Damaged,160.82,,,
R0397,O04501,2023-07-28 0:00:00,Late Delivery,2695.56,,,
R0398,O19793,2023-01-04 0:00:00,Damaged,3954.05,,,
R0399,O17168,2025-04-28 0:00:00,Size Issue,506.8,,,
R0400,O15883,2026-02-25 0:00:00,Size Issue,4608.34,,,
R0401,O09136,2025-08-18 0:00:00,Size Issue,3780.96,,,
R0402,O14569,2023-05-09 0:00:00,Wrong Product,4855.29,,,
R0403,O04786,2023-08-22 0:00:00,Wrong Product,4432.67,,,
R0404,O04467,2025-07-21 0:00:00,Wrong Product,4377.23,,,
R0405,O00479,2024-03-14 0:00:00,Damaged,3295.73,,,
R0406,O15519,2024-07-18 0:00:00,Late Delivery,683.88,,,
R0407,O17215,2025-07-13 0:00:00,Size Issue,2440.25,,,
R0408,O09589,2023-11-27 0:00:00,Size Issue,1712.64,,,
R0409,O00907,2025-09-13 0:00:00,Late Delivery,3750.13,,,
R0410,O16541,2026-03-16 0:00:00,Size Issue,3455.06,,,
R0411,O13712,2024-06-15 0:00:00,Size Issue,1645.11,,,
R0412,O08439,2023-03-28 0:00:00,Late Delivery,4823.64,,,
R0413,O17892,2024-08-13 0:00:00,Damaged,4914.05,,,
R0414,O08820,2024-05-16 0:00:00,Size Issue,459.48,,,
R0415,O07640,2023-08-20 0:00:00,Size Issue,2056.33,,,
R0416,O17691,2024-12-29 0:00:00,Size Issue,3445.63,,,
R0417,O18567,2025-12-31 0:00:00,Late Delivery,4756.62,,,
R0418,O01878,2024-07-08 0:00:00,Size Issue,3466.88,,,
R0419,O03707,2024-01-29 0:00:00,Damaged,3013.85,,,
R0420,O00009,2023-05-10 0:00:00,Late Delivery,154.36,,,
R0421,O03069,2026-02-10 0:00:00,Wrong Product,4771.58,,,
R0422,O12985,2025-07-31 0:00:00,Size Issue,4924.68,,,
R0423,O17710,2025-06-24 0:00:00,Late Delivery,1723.49,,,
R0424,O10064,2025-10-09 0:00:00,Damaged,2986.73,,,
R0425,O07031,2025-01-01 0:00:00,Late Delivery,294.87,,,
R0426,O05319,2023-09-06 0:00:00,Size Issue,3470.66,,,
R0427,O18347,2023-11-03 0:00:00,Size Issue,4377.69,,,
R0428,O14457,2024-10-15 0:00:00,Late Delivery,3779.49,,,
R0429,O06985,2025-03-20 0:00:00,Size Issue,579.59,,,
R0430,O14820,2024-12-03 0:00:00,Size Issue,1271.67,,,
R0431,O04738,2026-02-25 0:00:00,Wrong Product,2778.91,,,
R0432,O16020,2023-12-02 0:00:00,Size Issue,2944.98,,,
R0433,O18463,2026-02-14 0:00:00,Damaged,366.02,,,
R0434,O08861,2025-06-08 0:00:00,Late Delivery,2194.29,,,
R0435,O18376,2023-11-23 0:00:00,Size Issue,4610.64,,,
R0436,O09624,2023-07-31 0:00:00,Wrong Product,520.9,,,
R0437,O07184,2025-10-26 0:00:00,Size Issue,940.31,,,
R0438,O04845,2023-01-01 0:00:00,Damaged,233.51,,,
R0439,O01015,2023-10-03 0:00:00,Size Issue,2214.06,,,
R0440,O12190,2025-07-09 0:00:00,Size Issue,4915.64,,,
R0441,O14385,2026-03-27 0:00:00,Wrong Product,2187.48,,,
R0442,O19014,2024-09-03 0:00:00,Size Issue,797.88,,,
R0443,O05373,2024-12-14 0:00:00,Size Issue,3002.45,,,
R0444,O08896,2023-11-23 0:00:00,Size Issue,2822.93,,,
R0445,O05514,2025-01-23 0:00:00,Damaged,3246.93,,,
R0446,O08479,2026-02-25 0:00:00,Wrong Product,4363.58,,,
R0447,O03338,2024-04-10 0:00:00,Late Delivery,3704.54,,,
R0448,O09578,2026-01-14 0:00:00,Size Issue,4985.8,,,
R0449,O19333,2024-08-14 0:00:00,Damaged,390.15,,,
R0450,O17342,2025-12-03 0:00:00,Wrong Product,2336.4,,,
R0451,O08614,2026-03-02 0:00:00,Size Issue,3749.53,,,
R0452,O03677,2025-08-07 0:00:00,Size Issue,3160.17,,,
R0453,O18425,2023-11-06 0:00:00,Late Delivery,611.59,,,
R0454,O17080,2023-04-26 0:00:00,Size Issue,4150.51,,,
R0455,O08995,2024-05-26 0:00:00,Size Issue,4935.49,,,
R0456,O02544,2023-12-05 0:00:00,Late Delivery,2550.08,,,
R0457,O14842,2024-02-18 0:00:00,Late Delivery,462.91,,,
R0458,O15972,2023-08-23 0:00:00,Size Issue,2453.99,,,
R0459,O02339,2023-06-30 0:00:00,Size Issue,2361.58,,,
R0460,O03295,2026-01-22 0:00:00,Size Issue,2306.78,,,
R0461,O17458,2024-06-18 0:00:00,Damaged,2849.51,,,
R0462,O08595,2025-01-30 0:00:00,Size Issue,2830.35,,,
R0463,O04199,2026-03-05 0:00:00,Wrong Product,3396.58,,,
R0464,O05541,2024-08-14 0:00:00,Size Issue,4176.98,,,
R0465,O13045,2023-01-28 0:00:00,Damaged,4441.41,,,
R0466,O06745,2026-01-01 0:00:00,Size Issue,118.3,,,
R0467,O19196,2025-05-30 0:00:00,Late Delivery,136.82,,,
R0468,O09612,2025-12-13 0:00:00,Damaged,4356.38,,,
R0469,O10974,2024-02-26 0:00:00,Size Issue,4192.95,,,
R0470,O07725,2025-05-13 0:00:00,Wrong Product,1399.56,,,
R0471,O11511,2025-11-20 0:00:00,Late Delivery,625.23,,,
R0472,O09752,2023-11-28 0:00:00,Late Delivery,2082.43,,,
R0473,O10677,2023-11-07 0:00:00,Wrong Product,3178.82,,,
R0474,O15777,2023-06-17 0:00:00,Size Issue,1060.66,,,
R0475,O17844,2024-12-18 0:00:00,Size Issue,2130.53,,,
R0476,O17645,2025-08-23 0:00:00,Late Delivery,1426.93,,,
R0477,O06659,2025-07-25 0:00:00,Wrong Product,2491.67,,,
R0478,O09595,2025-09-09 0:00:00,Damaged,1434.3,,,
R0479,O08932,2024-04-24 0:00:00,Size Issue,450.58,,,
R0480,O06222,2024-08-03 0:00:00,Size Issue,3400.61,,,
R0481,O06921,2024-02-28 0:00:00,Wrong Product,4002.18,,,
R0482,O08270,2023-02-10 0:00:00,Damaged,4238.75,,,
R0483,O09640,2023-03-15 0:00:00,Size Issue,3653.61,,,
R0484,O19953,2023-08-29 0:00:00,Damaged,1148.37,,,
R0485,O00757,2023-01-30 0:00:00,Wrong Product,4347.1,,,
R0486,O02380,2025-01-06 0:00:00,Size Issue,419.03,,,
R0487,O08690,2025-02-22 0:00:00,Size Issue,4592.57,,,
R0488,O05560,2023-01-21 0:00:00,Wrong Product,1706.76,,,
R0489,O08042,2024-04-21 0:00:00,Size Issue,1183.89,,,
R0490,O04246,2024-02-27 0:00:00,Size Issue,2782.73,,,
R0491,O00011,2023-05-15 0:00:00,Late Delivery,2306.94,,,
R0492,O14224,2023-05-24 0:00:00,Size Issue,4040.2,,,
R0493,O03620,2023-01-27 0:00:00,Late Delivery,1701.97,,,
R0494,O11409,2025-07-04 0:00:00,Size Issue,4484.8,,,
R0495,O12770,2024-08-07 0:00:00,Wrong Product,4780.36,,,
R0496,O02710,2025-10-21 0:00:00,Size Issue,1160.46,,,
R0497,O06665,2023-04-08 0:00:00,Size Issue,971.29,,,
R0498,O09950,2025-05-12 0:00:00,Size Issue,927.85,,,
R0499,O18364,2025-09-20 0:00:00,Size Issue,1941.6,,,
R0500,O01599,2024-11-24 0:00:00,Damaged,3588.48,,,
R0501,O05099,2025-02-19 0:00:00,Size Issue,2291.09,,,
R0502,O13805,2024-07-09 0:00:00,Size Issue,1635.61,,,
R0503,O06219,2024-05-06 0:00:00,Size Issue,1815.01,,,
R0504,O10773,2024-12-04 0:00:00,Size Issue,718.45,,,
R0505,O13749,2025-05-06 0:00:00,Size Issue,4085.94,,,
R0506,O04579,2024-03-10 0:00:00,Size Issue,1535.63,,,
R0507,O15318,2023-10-06 0:00:00,Wrong Product,1373.99,,,
R0508,O06700,2026-01-23 0:00:00,Size Issue,4074.68,,,
R0509,O04523,2025-09-12 0:00:00,Late Delivery,1314.88,,,
R0510,O16085,2023-09-02 0:00:00,Wrong Product,1214.07,,,
R0511,O11519,2025-04-20 0:00:00,Size Issue,4007.11,,,
R0512,O02383,2023-11-07 0:00:00,Late Delivery,3334.21,,,
R0513,O10985,2025-08-03 0:00:00,Size Issue,3756.22,,,
R0514,O02113,2023-11-08 0:00:00,Damaged,3434.16,,,
R0515,O13475,2023-05-09 0:00:00,Size Issue,3118.31,,,
R0516,O04579,2025-07-03 0:00:00,Damaged,2763.76,,,
R0517,O00141,2024-05-02 0:00:00,Size Issue,1871.01,,,
R0518,O02426,2026-03-18 0:00:00,Size Issue,1078.81,,,
R0519,O15282,2024-02-24 0:00:00,Late Delivery,1117.71,,,
R0520,O09489,2025-01-29 0:00:00,Wrong Product,2681.47,,,
R0521,O18715,2025-11-08 0:00:00,Size Issue,492.02,,,
R0522,O00841,2025-07-13 0:00:00,Size Issue,3906.84,,,
R0523,O01524,2023-05-24 0:00:00,Size Issue,3660.35,,,
R0524,O11914,2023-07-01 0:00:00,Wrong Product,508.75,,,
R0525,O13416,2026-01-06 0:00:00,Late Delivery,4874.34,,,
R0526,O01171,2026-01-06 0:00:00,Size Issue,283.31,,,
R0527,O14440,2025-11-24 0:00:00,Late Delivery,3365.48,,,
R0528,O19583,2026-04-09 0:00:00,Late Delivery,1578.51,,,
R0529,O16354,2023-02-12 0:00:00,Damaged,748.59,,,
R0530,O00461,2023-09-13 0:00:00,Late Delivery,4540.98,,,
R0531,O04486,2024-02-09 0:00:00,Size Issue,3157.38,,,
R0532,O03248,2026-01-31 0:00:00,Size Issue,1954.18,,,
R0533,O16584,2024-06-21 0:00:00,Late Delivery,2427.59,,,
R0534,O01420,2024-04-03 0:00:00,Wrong Product,4730.36,,,
R0535,O14897,2023-05-27 0:00:00,Size Issue,2878.81,,,
R0536,O11931,2024-10-13 0:00:00,Wrong Product,450.75,,,
R0537,O05740,2025-11-07 0:00:00,Wrong Product,2555.35,,,
R0538,O07695,2025-04-29 0:00:00,Size Issue,3943.19,,,
R0539,O15104,2023-01-18 0:00:00,Size Issue,2085.45,,,
R0540,O08251,2026-03-30 0:00:00,Wrong Product,3704.06,,,
R0541,O04114,2023-12-09 0:00:00,Size Issue,1047.61,,,
R0542,O04897,2024-10-18 0:00:00,Damaged,2630.31,,,
R0543,O15312,2024-04-12 0:00:00,Size Issue,199.32,,,
R0544,O06964,2025-10-22 0:00:00,Size Issue,3515.1,,,
R0545,O08502,2026-03-11 0:00:00,Size Issue,2465.1,,,
R0546,O16469,2025-04-03 0:00:00,Size Issue,3653.87,,,
R0547,O12170,2025-12-05 0:00:00,Wrong Product,1574.72,,,
R0548,O18613,2025-06-30 0:00:00,Wrong Product,594.86,,,
R0549,O04866,2025-03-30 0:00:00,Size Issue,4647.03,,,
R0550,O16457,2023-04-02 0:00:00,Wrong Product,3169.72,,,
R0551,O03660,2024-02-29 0:00:00,Size Issue,4787.25,,,
R0552,O04579,2023-07-24 0:00:00,Damaged,3946.35,,,
R0553,O02177,2026-02-09 0:00:00,Size Issue,2492.75,,,
R0554,O15744,2024-05-22 0:00:00,Late Delivery,996.01,,,
R0555,O04051,2023-07-24 0:00:00,Size Issue,2854.55,,,
R0556,O11168,2024-06-07 0:00:00,Size Issue,342.86,,,
R0557,O03408,2026-01-31 0:00:00,Wrong Product,119.35,,,
R0558,O01329,2023-01-31 0:00:00,Size Issue,1208.99,,,
R0559,O01172,2025-07-26 0:00:00,Size Issue,3475.42,,,
R0560,O06777,2026-01-09 0:00:00,Late Delivery,1483.04,,,
R0561,O02647,2024-03-19 0:00:00,Late Delivery,2544.75,,,
R0562,O17437,2023-05-14 0:00:00,Damaged,2431.77,,,
R0563,O06294,2024-11-25 0:00:00,Wrong Product,4479.7,,,
R0564,O15904,2024-03-02 0:00:00,Size Issue,4222.21,,,
R0565,O02121,2023-11-25 0:00:00,Size Issue,2359.97,,,
R0566,O07200,2023-01-02 0:00:00,Wrong Product,278.6,,,
R0567,O06228,2024-08-01 0:00:00,Size Issue,1071.91,,,
R0568,O00088,2024-08-16 0:00:00,Size Issue,4597.32,,,
R0569,O10821,2023-01-23 0:00:00,Late Delivery,4025.21,,,
R0570,O03243,2026-03-06 0:00:00,Wrong Product,4428.31,,,
R0571,O15681,2026-02-27 0:00:00,Size Issue,3581.09,,,
R0572,O13160,2023-04-15 0:00:00,Size Issue,4970.94,,,
R0573,O03920,2025-06-06 0:00:00,Size Issue,1639.99,,,
R0574,O00397,2024-09-13 0:00:00,Late Delivery,1308.98,,,
R0575,O06599,2024-02-20 0:00:00,Wrong Product,246.42,,,
R0576,O18547,2023-05-08 0:00:00,Size Issue,1877.14,,,
R0577,O13727,2026-01-13 0:00:00,Size Issue,3151.48,,,
R0578,O19712,2026-03-24 0:00:00,Wrong Product,3259.08,,,
R0579,O07455,2025-09-04 0:00:00,Size Issue,4306.12,,,
R0580,O06903,2024-09-16 0:00:00,Size Issue,1705.53,,,
R0581,O17793,2024-10-13 0:00:00,Size Issue,1201.08,,,
R0582,O02925,2025-04-26 0:00:00,Size Issue,1110.57,,,
R0583,O03099,2023-03-10 0:00:00,Damaged,4335.4,,,
R0584,O13750,2025-09-23 0:00:00,Damaged,3706.87,,,
R0585,O06442,2023-06-12 0:00:00,Damaged,3161.24,,,
R0586,O00768,2023-02-04 0:00:00,Size Issue,1322.7,,,
R0587,O00935,2024-11-09 0:00:00,Size Issue,3482.08,,,
R0588,O18855,2025-12-26 0:00:00,Late Delivery,2787.26,,,
R0589,O01885,2024-12-02 0:00:00,Size Issue,4797.94,,,
R0590,O15883,2023-08-03 0:00:00,Size Issue,309.83,,,
R0591,O10861,2025-11-27 0:00:00,Damaged,1535.52,,,
R0592,O03277,2023-07-04 0:00:00,Size Issue,283.53,,,
R0593,O01939,2025-12-13 0:00:00,Size Issue,1340.4,,,
R0594,O08732,2025-12-17 0:00:00,Damaged,4472.15,,,
R0595,O16403,2023-09-12 0:00:00,Late Delivery,2700.49,,,
R0596,O17214,2024-06-04 0:00:00,Late Delivery,2414.66,,,
R0597,O12899,2023-11-01 0:00:00,Size Issue,3591.66,,,
R0598,O12045,2025-11-18 0:00:00,Size Issue,4937.65,,,
R0599,O07016,2025-12-09 0:00:00,Size Issue,2959.87,,,
R0600,O13983,2025-05-16 0:00:00,Damaged,1304.15,,,
R0601,O05359,2026-04-04 0:00:00,Damaged,1767.67,,,
R0602,O11591,2025-08-27 0:00:00,Late Delivery,742.64,,,
R0603,O17444,2025-08-21 0:00:00,Size Issue,4479.04,,,
R0604,O16396,2025-01-20 0:00:00,Damaged,4635.88,,,
R0605,O14109,2025-10-27 0:00:00,Damaged,4666.99,,,
R0606,O08995,2025-02-12 0:00:00,Wrong Product,1152.63,,,
R0607,O04401,2025-02-20 0:00:00,Size Issue,3256.92,,,
R0608,O17587,2024-12-25 0:00:00,Late Delivery,1086.74,,,
R0609,O08145,2025-11-29 0:00:00,Size Issue,2130.35,,,
R0610,O17891,2025-02-05 0:00:00,Late Delivery,2354.32,,,
R0611,O04607,2025-09-17 0:00:00,Size Issue,2940.44,,,
R0612,O14529,2023-09-10 0:00:00,Wrong Product,4129.54,,,
R0613,O16393,2025-05-22 0:00:00,Damaged,3403.49,,,
R0614,O02152,2024-12-06 0:00:00,Wrong Product,2109.99,,,
R0615,O11947,2024-05-02 0:00:00,Late Delivery,3097.83,,,
R0616,O05456,2024-11-18 0:00:00,Late Delivery,196.46,,,
R0617,O08471,2026-02-23 0:00:00,Size Issue,1348.56,,,
R0618,O02355,2025-07-24 0:00:00,Damaged,1796.6,,,
R0619,O01736,2025-05-27 0:00:00,Late Delivery,1266.95,,,
R0620,O01197,2023-07-23 0:00:00,Size Issue,4333.55,,,
R0621,O11112,2024-01-13 0:00:00,Size Issue,2122.78,,,
R0622,O14808,2024-07-07 0:00:00,Size Issue,2349.7,,,
R0623,O10573,2025-07-26 0:00:00,Damaged,2806.44,,,
R0624,O08148,2023-11-19 0:00:00,Late Delivery,655.57,,,
R0625,O01174,2023-01-17 0:00:00,Size Issue,2475.8,,,
R0626,O08493,2024-05-14 0:00:00,Wrong Product,3805.6,,,
R0627,O14434,2024-05-27 0:00:00,Size Issue,1896.01,,,
R0628,O15749,2023-03-18 0:00:00,Size Issue,519.24,,,
R0629,O14251,2024-05-23 0:00:00,Wrong Product,3404.08,,,
R0630,O03022,2023-12-19 0:00:00,Damaged,4239.54,,,
R0631,O03494,2026-02-18 0:00:00,Size Issue,3835.23,,,
R0632,O19515,2025-01-12 0:00:00,Late Delivery,1606.42,,,
R0633,O05533,2024-02-18 0:00:00,Size Issue,2732.49,,,
R0634,O13998,2024-01-12 0:00:00,Size Issue,2443.37,,,
R0635,O02620,2023-12-09 0:00:00,Damaged,1738.84,,,
R0636,O15823,2023-05-21 0:00:00,Damaged,1559.79,,,
R0637,O00558,2023-04-23 0:00:00,Size Issue,1483.02,,,
R0638,O09795,2023-02-14 0:00:00,Late Delivery,2898.55,,,
R0639,O12568,2023-02-10 0:00:00,Size Issue,775.97,,,
R0640,O02148,2023-08-05 0:00:00,Wrong Product,3657.07,,,
R0641,O11968,2024-05-21 0:00:00,Size Issue,3827.96,,,
R0642,O07467,2025-06-08 0:00:00,Damaged,4971.68,,,
R0643,O16810,2025-03-02 0:00:00,Size Issue,888.42,,,
R0644,O00617,2023-04-26 0:00:00,Late Delivery,2168.87,,,
R0645,O14036,2023-01-22 0:00:00,Size Issue,616.26,,,
R0646,O18928,2024-03-16 0:00:00,Wrong Product,1984.17,,,
R0647,O00997,2025-06-12 0:00:00,Size Issue,2878.44,,,
R0648,O06935,2025-08-19 0:00:00,Damaged,1883.45,,,
R0649,O11822,2026-02-04 0:00:00,Late Delivery,3302.33,,,
R0650,O17390,2023-05-30 0:00:00,Wrong Product,1644.17,,,
R0651,O13705,2023-03-14 0:00:00,Wrong Product,221.48,,,
R0652,O00424,2026-03-02 0:00:00,Wrong Product,3461.46,,,
R0653,O01256,2025-12-08 0:00:00,Damaged,163.41,,,
R0654,O06918,2025-01-04 0:00:00,Size Issue,1135.95,,,
R0655,O15297,2025-11-18 0:00:00,Size Issue,374,,,
R0656,O08516,2025-08-21 0:00:00,Size Issue,3285.82,,,
R0657,O04680,2023-06-18 0:00:00,Wrong Product,1528,,,
R0658,O19475,2023-10-06 0:00:00,Damaged,4673.37,,,
R0659,O13001,2024-10-10 0:00:00,Wrong Product,2597.78,,,
R0660,O16932,2024-10-30 0:00:00,Late Delivery,4665.09,,,
R0661,O03682,2025-09-22 0:00:00,Wrong Product,1473.84,,,
R0662,O06023,2023-01-31 0:00:00,Size Issue,979.03,,,
R0663,O05120,2023-01-22 0:00:00,Size Issue,4643.3,,,
R0664,O05331,2026-01-12 0:00:00,Wrong Product,2408.63,,,
R0665,O14847,2024-01-05 0:00:00,Late Delivery,1901.7,,,
R0666,O04871,2023-06-22 0:00:00,Damaged,4027.41,,,
R0667,O12632,2024-04-07 0:00:00,Wrong Product,313.34,,,
R0668,O11405,2025-01-28 0:00:00,Size Issue,197.37,,,
R0669,O15430,2025-10-04 0:00:00,Late Delivery,4737.35,,,
R0670,O14241,2026-01-28 0:00:00,Wrong Product,1882.79,,,
R0671,O12999,2023-05-07 0:00:00,Damaged,4461.32,,,
R0672,O17911,2026-03-06 0:00:00,Damaged,1599.51,,,
R0673,O17966,2026-02-06 0:00:00,Size Issue,1668.26,,,
R0674,O02163,2025-06-25 0:00:00,Size Issue,2003.26,,,
R0675,O12738,2024-10-26 0:00:00,Size Issue,2606.64,,,
R0676,O19430,2024-08-16 0:00:00,Wrong Product,1613,,,
R0677,O04698,2023-03-04 0:00:00,Late Delivery,1066.29,,,
R0678,O10010,2025-11-18 0:00:00,Late Delivery,3262.01,,,
R0679,O06506,2025-09-01 0:00:00,Wrong Product,1021.11,,,
R0680,O17460,2025-11-13 0:00:00,Wrong Product,4796.96,,,
R0681,O04421,2024-10-08 0:00:00,Size Issue,330.6,,,
R0682,O09827,2024-01-14 0:00:00,Size Issue,116.48,,,
R0683,O16626,2023-01-20 0:00:00,Damaged,495.3,,,
R0684,O02874,2025-06-26 0:00:00,Size Issue,2098.67,,,
R0685,O08532,2026-01-31 0:00:00,Wrong Product,3978.86,,,
R0686,O08059,2023-06-26 0:00:00,Size Issue,1867.85,,,
R0687,O08023,2026-01-25 0:00:00,Damaged,3519.2,,,
R0688,O11997,2025-01-03 0:00:00,Wrong Product,2002.25,,,
R0689,O05939,2025-06-15 0:00:00,Size Issue,3682.1,,,
R0690,O10813,2023-12-23 0:00:00,Size Issue,595.69,,,
R0691,O14821,2024-07-29 0:00:00,Size Issue,2634.58,,,
R0692,O17848,2025-01-07 0:00:00,Size Issue,1072.3,,,
R0693,O03109,2024-09-24 0:00:00,Size Issue,1759.25,,,
R0694,O02622,2024-05-07 0:00:00,Size Issue,3595.09,,,
R0695,O08222,2023-05-06 0:00:00,Size Issue,1736.67,,,
R0696,O03591,2024-12-27 0:00:00,Late Delivery,4236.57,,,
R0697,O13802,2026-01-08 0:00:00,Size Issue,4797.16,,,
R0698,O02657,2025-06-12 0:00:00,Late Delivery,148.06,,,
R0699,O09628,2025-03-30 0:00:00,Late Delivery,2177.79,,,
R0700,O13896,2024-11-08 0:00:00,Damaged,2197.63,,,
R0701,O08784,2026-01-18 0:00:00,Wrong Product,1633.47,,,
R0702,O00975,2023-05-21 0:00:00,Size Issue,3890.8,,,
R0703,O11015,2026-02-10 0:00:00,Damaged,4599.66,,,
R0704,O05348,2024-12-18 0:00:00,Size Issue,270.39,,,
R0705,O15441,2025-02-21 0:00:00,Size Issue,992.39,,,
R0706,O09281,2023-01-11 0:00:00,Size Issue,1534.6,,,
R0707,O05136,2024-05-08 0:00:00,Size Issue,2533.92,,,
R0708,O14651,2025-08-07 0:00:00,Size Issue,2921.54,,,
R0709,O04533,2025-12-24 0:00:00,Size Issue,3095.43,,,
R0710,O10756,2024-02-25 0:00:00,Wrong Product,867.72,,,
R0711,O15344,2025-02-22 0:00:00,Damaged,3487.38,,,
R0712,O11567,2023-05-03 0:00:00,Size Issue,4489.35,,,
R0713,O01613,2024-12-07 0:00:00,Size Issue,2201,,,
R0714,O14040,2026-04-10 0:00:00,Size Issue,4417.27,,,
R0715,O15874,2025-04-14 0:00:00,Wrong Product,4032.87,,,
R0716,O13975,2026-02-09 0:00:00,Wrong Product,3820.67,,,
R0717,O05455,2026-03-21 0:00:00,Wrong Product,2814.01,,,
R0718,O02209,2024-11-06 0:00:00,Wrong Product,3718.29,,,
R0719,O08433,2024-09-30 0:00:00,Size Issue,2552.72,,,
R0720,O05214,2025-07-13 0:00:00,Damaged,4086.41,,,
R0721,O15476,2023-02-23 0:00:00,Size Issue,347.57,,,
R0722,O00108,2024-03-12 0:00:00,Late Delivery,2905.61,,,
R0723,O04341,2023-07-31 0:00:00,Size Issue,1733.77,,,
R0724,O06378,2024-05-07 0:00:00,Size Issue,502.08,,,
R0725,O17890,2024-12-26 0:00:00,Wrong Product,1506.28,,,
R0726,O06723,2024-01-06 0:00:00,Damaged,2100.29,,,
R0727,O16907,2024-05-12 0:00:00,Wrong Product,275.91,,,
R0728,O00507,2025-07-05 0:00:00,Size Issue,4130.08,,,
R0729,O12354,2025-01-20 0:00:00,Size Issue,3126.75,,,
R0730,O15125,2023-01-30 0:00:00,Size Issue,1076.95,,,
R0731,O06506,2023-01-11 0:00:00,Size Issue,3316.85,,,
R0732,O02336,2026-01-25 0:00:00,Damaged,2185.81,,,
R0733,O15408,2024-07-01 0:00:00,Size Issue,4778.77,,,
R0734,O06020,2024-10-08 0:00:00,Wrong Product,2495.09,,,
R0735,O09849,2023-06-04 0:00:00,Size Issue,4794.46,,,
R0736,O04729,2025-07-17 0:00:00,Size Issue,3859.23,,,
R0737,O08726,2026-01-02 0:00:00,Size Issue,4385.9,,,
R0738,O15889,2023-08-07 0:00:00,Wrong Product,3107.56,,,
R0739,O14713,2025-07-06 0:00:00,Late Delivery,4750.99,,,
R0740,O01453,2026-02-19 0:00:00,Size Issue,2259.05,,,
R0741,O02296,2024-03-02 0:00:00,Wrong Product,728.15,,,
R0742,O11521,2023-11-25 0:00:00,Size Issue,889.58,,,
R0743,O08103,2023-12-16 0:00:00,Size Issue,2699.48,,,
R0744,O11157,2024-06-10 0:00:00,Size Issue,4773.81,,,
R0745,O19092,2024-12-30 0:00:00,Size Issue,1232.9,,,
R0746,O10601,2023-12-07 0:00:00,Damaged,2534.11,,,
R0747,O02234,2024-07-22 0:00:00,Size Issue,699.51,,,
R0748,O19516,2023-08-05 0:00:00,Late Delivery,4174.14,,,
R0749,O13265,2026-03-05 0:00:00,Damaged,1741.45,,,
R0750,O15409,2025-01-31 0:00:00,Size Issue,4274.96,,,
R0751,O04808,2025-07-30 0:00:00,Wrong Product,1175.5,,,
R0752,O02377,2026-03-26 0:00:00,Size Issue,2825.54,,,
R0753,O07619,2024-02-03 0:00:00,Wrong Product,3450.2,,,
R0754,O15514,2026-02-09 0:00:00,Size Issue,4826.15,,,
R0755,O14774,2024-10-23 0:00:00,Size Issue,3046.69,,,
R0756,O08933,2023-07-12 0:00:00,Damaged,4877.49,,,
R0757,O09585,2025-06-22 0:00:00,Late Delivery,2863.61,,,
R0758,O04029,2023-10-04 0:00:00,Late Delivery,2681.65,,,
R0759,O12199,2026-03-13 0:00:00,Damaged,1901.49,,,
R0760,O18545,2025-01-14 0:00:00,Wrong Product,1462.27,,,
R0761,O03350,2024-08-01 0:00:00,Wrong Product,3194.77,,,
R0762,O19693,2025-02-14 0:00:00,Late Delivery,1951.03,,,
R0763,O19764,2025-01-27 0:00:00,Damaged,2330.39,,,
R0764,O02285,2025-07-14 0:00:00,Size Issue,798.46,,,
R0765,O12763,2024-03-21 0:00:00,Size Issue,2259.33,,,
R0766,O11961,2025-04-08 0:00:00,Late Delivery,3427.45,,,
R0767,O02869,2023-02-27 0:00:00,Size Issue,4468.91,,,
R0768,O02399,2025-02-15 0:00:00,Damaged,1439.2,,,
R0769,O15702,2024-08-01 0:00:00,Wrong Product,373.25,,,
R0770,O15759,2023-12-02 0:00:00,Late Delivery,909.35,,,
R0771,O02684,2026-01-05 0:00:00,Size Issue,772.06,,,
R0772,O14785,2023-06-08 0:00:00,Size Issue,2362.95,,,
R0773,O17253,2023-10-27 0:00:00,Size Issue,948.46,,,
R0774,O16714,2025-11-25 0:00:00,Size Issue,2714.02,,,
R0775,O03311,2023-09-21 0:00:00,Size Issue,586.7,,,
R0776,O01239,2023-06-14 0:00:00,Wrong Product,4429.72,,,
R0777,O08498,2023-11-10 0:00:00,Damaged,3770.34,,,
R0778,O10630,2023-01-04 0:00:00,Damaged,1223.08,,,
R0779,O10145,2025-05-06 0:00:00,Size Issue,1512.1,,,
R0780,O11297,2026-03-26 0:00:00,Damaged,2042.05,,,
R0781,O02731,2024-11-30 0:00:00,Size Issue,3520.66,,,
R0782,O05406,2025-02-20 0:00:00,Size Issue,3812.69,,,
R0783,O12590,2024-05-19 0:00:00,Late Delivery,107.41,,,
R0784,O08798,2025-12-21 0:00:00,Late Delivery,294.45,,,
R0785,O13375,2025-09-19 0:00:00,Size Issue,1344.83,,,
R0786,O13167,2025-08-12 0:00:00,Size Issue,1814.42,,,
R0787,O13541,2025-12-26 0:00:00,Size Issue,628.84,,,
R0788,O19283,2025-02-19 0:00:00,Size Issue,2231.78,,,
R0789,O10387,2024-05-27 0:00:00,Wrong Product,2966.51,,,
R0790,O17034,2024-12-05 0:00:00,Damaged,3346.39,,,
R0791,O10166,2024-10-11 0:00:00,Damaged,3912.03,,,
R0792,O12576,2025-08-27 0:00:00,Damaged,2730.15,,,
R0793,O15522,2024-04-16 0:00:00,Damaged,4613.43,,,
R0794,O13763,2026-04-03 0:00:00,Size Issue,2306.58,,,
R0795,O05311,2023-01-11 0:00:00,Damaged,2695.18,,,
R0796,O14606,2026-03-31 0:00:00,Damaged,2159.89,,,
R0797,O03647,2024-06-23 0:00:00,Damaged,3934.07,,,
R0798,O09960,2023-05-02 0:00:00,Size Issue,1303.69,,,
R0799,O06023,2025-02-04 0:00:00,Damaged,3447.55,,,
R0800,O11723,2024-02-15 0:00:00,Size Issue,827.84,,,
R0801,O13426,2024-11-14 0:00:00,Late Delivery,344.76,,,
R0802,O15932,2025-08-02 0:00:00,Size Issue,1045.27,,,
R0803,O10183,2024-02-26 0:00:00,Size Issue,571.78,,,
R0804,O11967,2023-07-07 0:00:00,Damaged,517.3,,,
R0805,O17587,2024-08-24 0:00:00,Wrong Product,1889.84,,,
R0806,O07551,2025-06-03 0:00:00,Wrong Product,1201.93,,,
R0807,O16446,2023-10-13 0:00:00,Late Delivery,2541.55,,,
R0808,O14436,2024-03-20 0:00:00,Size Issue,154.12,,,
R0809,O17266,2024-08-03 0:00:00,Damaged,715.74,,,
R0810,O00515,2023-09-30 0:00:00,Wrong Product,1103.08,,,
R0811,O08564,2025-10-26 0:00:00,Size Issue,3101,,,
R0812,O07825,2025-07-05 0:00:00,Damaged,2354.48,,,
R0813,O15556,2026-03-19 0:00:00,Damaged,1603.83,,,
R0814,O08004,2024-10-10 0:00:00,Late Delivery,3394.15,,,
R0815,O01637,2025-03-21 0:00:00,Late Delivery,3844.29,,,
R0816,O17538,2026-02-07 0:00:00,Size Issue,4061.95,,,
R0817,O00235,2026-01-11 0:00:00,Damaged,2945.56,,,
R0818,O19634,2025-09-17 0:00:00,Size Issue,529.9,,,
R0819,O12882,2024-07-16 0:00:00,Size Issue,3450.23,,,
R0820,O16365,2025-04-18 0:00:00,Wrong Product,4798.8,,,
R0821,O09318,2025-09-26 0:00:00,Damaged,3579.66,,,
R0822,O16222,2025-11-06 0:00:00,Damaged,3681.55,,,
R0823,O12062,2023-06-10 0:00:00,Wrong Product,4122.26,,,
R0824,O09566,2023-03-29 0:00:00,Late Delivery,724.64,,,
R0825,O05788,2024-10-24 0:00:00,Size Issue,3638.19,,,
R0826,O04869,2025-08-31 0:00:00,Size Issue,3292.1,,,
R0827,O12687,2025-05-09 0:00:00,Late Delivery,4047.52,,,
R0828,O05748,2025-09-13 0:00:00,Wrong Product,683.91,,,
R0829,O04094,2026-01-28 0:00:00,Size Issue,183.71,,,
R0830,O09164,2025-07-25 0:00:00,Damaged,2591.48,,,
R0831,O08919,2026-04-08 0:00:00,Damaged,4777.93,,,
R0832,O16039,2025-06-25 0:00:00,Size Issue,1149.66,,,
R0833,O12065,2026-02-11 0:00:00,Wrong Product,3226.14,,,
R0834,O03256,2025-10-22 0:00:00,Damaged,1147.1,,,
R0835,O04783,2024-06-06 0:00:00,Size Issue,1134.67,,,
R0836,O16078,2023-09-04 0:00:00,Size Issue,343.86,,,
R0837,O04632,2025-12-14 0:00:00,Size Issue,2415.24,,,
R0838,O05386,2023-10-01 0:00:00,Size Issue,1220.04,,,
R0839,O05084,2023-04-14 0:00:00,Damaged,2149.93,,,
R0840,O19663,2023-08-22 0:00:00,Damaged,317.99,,,
R0841,O09171,2024-08-22 0:00:00,Damaged,745.25,,,
R0842,O12381,2023-11-13 0:00:00,Size Issue,4152.66,,,
R0843,O02523,2023-02-27 0:00:00,Late Delivery,4464.84,,,
R0844,O03879,2025-05-19 0:00:00,Damaged,2344.21,,,
R0845,O08644,2024-05-15 0:00:00,Late Delivery,3744.71,,,
R0846,O06173,2025-09-18 0:00:00,Size Issue,786.14,,,
R0847,O04927,2023-10-30 0:00:00,Size Issue,3132.21,,,
R0848,O05259,2025-04-28 0:00:00,Size Issue,2941.24,,,
R0849,O08566,2025-10-24 0:00:00,Wrong Product,3555.98,,,
R0850,O01229,2024-06-29 0:00:00,Size Issue,3421.78,,,
R0851,O03529,2025-09-27 0:00:00,Late Delivery,4980.04,,,
R0852,O17139,2024-09-22 0:00:00,Damaged,1290.67,,,
R0853,O01517,2023-04-03 0:00:00,Size Issue,799.92,,,
R0854,O16021,2023-07-24 0:00:00,Size Issue,2979.28,,,
R0855,O07565,2023-04-26 0:00:00,Damaged,1874.17,,,
R0856,O01411,2023-10-22 0:00:00,Late Delivery,1230.94,,,
R0857,O08638,2025-01-29 0:00:00,Damaged,198.52,,,
R0858,O00453,2025-07-27 0:00:00,Late Delivery,1370.71,,,
R0859,O03834,2025-08-27 0:00:00,Late Delivery,4555.98,,,
R0860,O07656,2023-06-09 0:00:00,Size Issue,3832.18,,,
R0861,O03305,2024-08-12 0:00:00,Late Delivery,367.46,,,
R0862,O07421,2023-06-07 0:00:00,Wrong Product,4378.96,,,
R0863,O13539,2024-08-15 0:00:00,Damaged,3538.22,,,
R0864,O17343,2023-02-20 0:00:00,Size Issue,2650.49,,,
R0865,O15514,2025-09-18 0:00:00,Size Issue,4909.45,,,
R0866,O15216,2025-10-09 0:00:00,Damaged,3779.06,,,
R0867,O03049,2025-09-24 0:00:00,Damaged,1467.24,,,
R0868,O13743,2024-03-13 0:00:00,Late Delivery,4154.01,,,
R0869,O06441,2025-02-19 0:00:00,Late Delivery,4109.86,,,
R0870,O02547,2024-03-10 0:00:00,Late Delivery,3092.84,,,
R0871,O00107,2026-01-08 0:00:00,Damaged,4621.36,,,
R0872,O13449,2023-08-29 0:00:00,Wrong Product,4153.45,,,
R0873,O10961,2024-08-27 0:00:00,Damaged,538.44,,,
R0874,O07276,2026-02-08 0:00:00,Size Issue,1108.18,,,
R0875,O19185,2025-07-11 0:00:00,Size Issue,2514.45,,,
R0876,O00713,2025-04-10 0:00:00,Size Issue,1270.23,,,
R0877,O02380,2026-01-20 0:00:00,Damaged,3009.24,,,
R0878,O07289,2025-11-09 0:00:00,Wrong Product,3932.09,,,
R0879,O17158,2025-01-13 0:00:00,Size Issue,3452.89,,,
R0880,O09988,2025-06-17 0:00:00,Damaged,3386.99,,,
R0881,O03845,2023-01-20 0:00:00,Late Delivery,4946.49,,,
R0882,O01139,2025-10-05 0:00:00,Wrong Product,1097.21,,,
R0883,O00608,2025-03-11 0:00:00,Late Delivery,3706.48,,,
R0884,O09716,2023-09-24 0:00:00,Late Delivery,3850.86,,,
R0885,O16327,2023-01-31 0:00:00,Damaged,1805.37,,,
R0886,O02110,2023-02-15 0:00:00,Wrong Product,3627.05,,,
R0887,O16560,2025-08-24 0:00:00,Size Issue,3923.15,,,
R0888,O14350,2025-06-15 0:00:00,Damaged,3262.09,,,
R0889,O00519,2024-08-25 0:00:00,Wrong Product,4022.14,,,
R0890,O11940,2024-11-03 0:00:00,Size Issue,1529.89,,,
R0891,O04081,2023-11-12 0:00:00,Late Delivery,761.31,,,
R0892,O00335,2024-02-11 0:00:00,Wrong Product,4516.52,,,
R0893,O03198,2024-12-25 0:00:00,Wrong Product,2962.18,,,
R0894,O11358,2024-01-20 0:00:00,Damaged,2276.43,,,
R0895,O08160,2023-12-04 0:00:00,Damaged,4869.25,,,
R0896,O17580,2023-08-21 0:00:00,Wrong Product,616.82,,,
R0897,O05580,2025-01-12 0:00:00,Wrong Product,1011.26,,,
R0898,O04636,2023-10-12 0:00:00,Late Delivery,516.58,,,
R0899,O17181,2023-10-18 0:00:00,Size Issue,1642.48,,,
R0900,O07562,2025-03-22 0:00:00,Late Delivery,4331.64,,,
R0901,O05473,2026-04-05 0:00:00,Size Issue,2756.05,,,
R0902,O10233,2024-11-19 0:00:00,Size Issue,186.93,,,
R0903,O17995,2025-02-09 0:00:00,Damaged,4152.88,,,
R0904,O19298,2023-01-08 0:00:00,Damaged,1722.38,,,
R0905,O09959,2025-02-14 0:00:00,Damaged,3038.65,,,
R0906,O13975,2025-10-16 0:00:00,Size Issue,1022.84,,,
R0907,O16743,2023-06-29 0:00:00,Wrong Product,3926.51,,,
R0908,O05714,2024-06-17 0:00:00,Size Issue,2916.67,,,
R0909,O13456,2024-03-21 0:00:00,Damaged,668.09,,,
R0910,O18957,2023-08-26 0:00:00,Size Issue,1818.4,,,
R0911,O05944,2024-07-25 0:00:00,Wrong Product,1132.33,,,
R0912,O06065,2024-11-01 0:00:00,Size Issue,2905.21,,,
R0913,O16317,2024-03-31 0:00:00,Damaged,2272.7,,,
R0914,O04687,2024-11-24 0:00:00,Wrong Product,3899.1,,,
R0915,O11187,2023-09-09 0:00:00,Wrong Product,1913.25,,,
R0916,O09859,2023-01-16 0:00:00,Damaged,4404.06,,,
R0917,O14217,2025-07-19 0:00:00,Late Delivery,568.01,,,
R0918,O13495,2025-04-21 0:00:00,Size Issue,412.94,,,
R0919,O14313,2024-06-20 0:00:00,Damaged,877.57,,,
R0920,O13519,2023-09-25 0:00:00,Size Issue,2189.56,,,
R0921,O19452,2023-04-17 0:00:00,Damaged,3887.15,,,
R0922,O17901,2025-01-14 0:00:00,Size Issue,3948.16,,,
R0923,O07706,2025-12-10 0:00:00,Late Delivery,3508.82,,,
R0924,O19205,2026-01-11 0:00:00,Size Issue,2935.62,,,
R0925,O06897,2025-07-15 0:00:00,Late Delivery,417.05,,,
R0926,O02061,2026-02-20 0:00:00,Damaged,2574.38,,,
R0927,O11922,2023-10-14 0:00:00,Size Issue,3160.49,,,
R0928,O13560,2024-06-18 0:00:00,Damaged,1208.68,,,
R0929,O09695,2023-01-03 0:00:00,Wrong Product,4864.1,,,
R0930,O02120,2023-09-28 0:00:00,Late Delivery,2038.29,,,
R0931,O05554,2025-08-02 0:00:00,Late Delivery,4923.88,,,
R0932,O18021,2023-11-23 0:00:00,Damaged,2102.02,,,
R0933,O15884,2024-12-13 0:00:00,Size Issue,3106.48,,,
R0934,O18156,2025-09-13 0:00:00,Size Issue,3207.72,,,
R0935,O02823,2024-09-09 0:00:00,Damaged,3121.83,,,
R0936,O16137,2025-11-20 0:00:00,Size Issue,1376.24,,,
R0937,O02962,2023-09-17 0:00:00,Size Issue,2609.87,,,
R0938,O15000,2024-12-04 0:00:00,Size Issue,2671.58,,,
R0939,O04321,2023-08-04 0:00:00,Wrong Product,3236.92,,,
R0940,O15018,2025-10-25 0:00:00,Wrong Product,1014.43,,,
R0941,O08370,2023-06-15 0:00:00,Damaged,3984.76,,,
R0942,O14041,2024-02-04 0:00:00,Damaged,1786.9,,,
R0943,O17362,2024-03-13 0:00:00,Late Delivery,4359.89,,,
R0944,O15457,2024-02-21 0:00:00,Size Issue,1873.67,,,
R0945,O00143,2025-12-04 0:00:00,Size Issue,1619.12,,,
R0946,O11370,2026-02-18 0:00:00,Size Issue,3935.47,,,
R0947,O14803,2026-02-25 0:00:00,Size Issue,2538.16,,,
R0948,O02290,2024-01-24 0:00:00,Damaged,4728.87,,,
R0949,O06984,2023-02-25 0:00:00,Wrong Product,2131.31,,,
R0950,O11955,2023-03-19 0:00:00,Size Issue,2361.96,,,
R0951,O03863,2025-11-14 0:00:00,Late Delivery,1357.8,,,
R0952,O15484,2024-01-15 0:00:00,Late Delivery,378.46,,,
R0953,O06427,2024-11-20 0:00:00,Size Issue,2907.18,,,
R0954,O15282,2025-08-24 0:00:00,Size Issue,1510.91,,,
R0955,O05000,2024-06-25 0:00:00,Wrong Product,2974.33,,,
R0956,O19290,2025-08-24 0:00:00,Wrong Product,159.17,,,
R0957,O12668,2024-08-17 0:00:00,Size Issue,520.58,,,
R0958,O15145,2024-02-09 0:00:00,Damaged,4519.14,,,
R0959,O09016,2024-02-13 0:00:00,Size Issue,4047.03,,,
R0960,O19208,2023-07-28 0:00:00,Wrong Product,2941.43,,,
R0961,O05496,2025-10-25 0:00:00,Size Issue,1269.25,,,
R0962,O01324,2026-02-27 0:00:00,Size Issue,4740.45,,,
R0963,O10786,2025-05-11 0:00:00,Damaged,2711.24,,,
R0964,O13292,2025-06-15 0:00:00,Late Delivery,1667.15,,,
R0965,O06108,2023-05-24 0:00:00,Damaged,729.77,,,
R0966,O15659,2024-10-27 0:00:00,Size Issue,1130.18,,,
R0967,O10497,2023-03-29 0:00:00,Damaged,1833.09,,,
R0968,O00571,2023-08-01 0:00:00,Damaged,3317.75,,,
R0969,O11694,2023-01-11 0:00:00,Damaged,3254.39,,,
R0970,O16777,2025-06-02 0:00:00,Size Issue,889.84,,,
R0971,O06135,2025-12-20 0:00:00,Size Issue,1724.66,,,
R0972,O11442,2024-07-30 0:00:00,Wrong Product,2131.32,,,
R0973,O16163,2025-10-16 0:00:00,Late Delivery,4490.08,,,
R0974,O16099,2023-01-20 0:00:00,Size Issue,4543.86,,,
R0975,O11859,2023-10-26 0:00:00,Size Issue,2768.8,,,
R0976,O19345,2024-08-23 0:00:00,Size Issue,2999.52,,,
R0977,O15914,2023-05-10 0:00:00,Size Issue,3450.57,,,
R0978,O09151,2024-11-12 0:00:00,Wrong Product,821.32,,,
R0979,O19720,2025-10-21 0:00:00,Late Delivery,2655.52,,,
R0980,O04521,2024-09-18 0:00:00,Size Issue,1577.71,,,
R0981,O08862,2023-03-29 0:00:00,Size Issue,4443.95,,,
R0982,O12466,2023-04-30 0:00:00,Size Issue,3306.96,,,
R0983,O06506,2024-06-19 0:00:00,Size Issue,2886.84,,,
R0984,O07284,2024-07-15 0:00:00,Late Delivery,2322.82,,,
R0985,O03772,2024-12-23 0:00:00,Size Issue,1906.64,,,
R0986,O06697,2025-09-14 0:00:00,Size Issue,2628.39,,,
R0987,O18696,2023-03-05 0:00:00,Late Delivery,1837.94,,,
R0988,O13106,2024-10-13 0:00:00,Size Issue,4878.61,,,
R0989,O10936,2024-07-19 0:00:00,Size Issue,244.98,,,
R0990,O04873,2024-01-22 0:00:00,Size Issue,3329.66,,,
R0991,O16660,2023-03-29 0:00:00,Wrong Product,4555.33,,,
R0992,O10568,2023-05-01 0:00:00,Size Issue,3193.18,,,
R0993,O02076,2025-11-24 0:00:00,Wrong Product,4672.35,,,
R0994,O15211,2024-07-04 0:00:00,Damaged,1046.22,,,
R0995,O01614,2025-07-22 0:00:00,Late Delivery,952.5,,,
R0996,O02779,2024-07-12 0:00:00,Size Issue,4789.57,,,
R0997,O03340,2024-06-14 0:00:00,Size Issue,1052.15,,,
R0998,O18328,2023-08-17 0:00:00,Size Issue,167.58,,,
R0999,O02143,2023-02-15 0:00:00,Size Issue,2110.83,,,
R1000,O15599,2025-09-14 0:00:00,Size Issue,4107.41,,,
R1001,O03427,2025-05-20 0:00:00,Size Issue,3325.2,,,
R1002,O13707,2023-07-27 0:00:00,Size Issue,3030.03,,,
R1003,O12798,2024-02-01 0:00:00,Damaged,791.61,,,
R1004,O02750,2023-04-28 0:00:00,Damaged,1263.42,,,
R1005,O19268,2025-06-04 0:00:00,Late Delivery,2521.45,,,
R1006,O18051,2023-11-08 0:00:00,Size Issue,3429.36,,,
R1007,O19698,2025-02-20 0:00:00,Wrong Product,2665.67,,,
R1008,O14036,2025-04-24 0:00:00,Size Issue,2301.21,,,
R1009,O03890,2023-04-16 0:00:00,Size Issue,3868.61,,,
R1010,O13541,2023-09-15 0:00:00,Damaged,4401.68,,,
R1011,O11940,2025-11-07 0:00:00,Late Delivery,2397.78,,,
R1012,O05943,2023-09-16 0:00:00,Late Delivery,2320.91,,,
R1013,O17878,2023-01-31 0:00:00,Size Issue,160.49,,,
R1014,O19475,2023-04-07 0:00:00,Wrong Product,4949.42,,,
R1015,O09485,2025-06-15 0:00:00,Size Issue,2176.05,,,
R1016,O08489,2025-07-28 0:00:00,Wrong Product,2398.01,,,
R1017,O13077,2024-03-30 0:00:00,Size Issue,1991.29,,,
R1018,O18023,2025-01-10 0:00:00,Size Issue,1445.41,,,
R1019,O18044,2025-10-05 0:00:00,Damaged,3335.77,,,
R1020,O02202,2024-04-07 0:00:00,Size Issue,1935.63,,,
R1021,O11701,2025-04-24 0:00:00,Wrong Product,1747.54,,,
R1022,O07454,2023-08-22 0:00:00,Late Delivery,142.97,,,
R1023,O04544,2024-10-27 0:00:00,Late Delivery,4706.71,,,
R1024,O11309,2024-08-10 0:00:00,Size Issue,4005.22,,,
R1025,O05044,2025-02-12 0:00:00,Size Issue,3200.44,,,
R1026,O01092,2024-03-27 0:00:00,Size Issue,1476.53,,,
R1027,O12670,2025-06-16 0:00:00,Damaged,139.24,,,
R1028,O15442,2023-04-27 0:00:00,Wrong Product,2850.3,,,
R1029,O06682,2024-12-03 0:00:00,Size Issue,603.99,,,
R1030,O10536,2025-02-04 0:00:00,Size Issue,4831.6,,,
R1031,O03021,2023-06-20 0:00:00,Damaged,416.48,,,
R1032,O13754,2023-05-08 0:00:00,Late Delivery,3867.52,,,
R1033,O02721,2025-07-13 0:00:00,Size Issue,4044.31,,,
R1034,O01870,2023-06-19 0:00:00,Late Delivery,549.09,,,
R1035,O14670,2024-10-30 0:00:00,Size Issue,2294.16,,,
R1036,O07207,2024-05-30 0:00:00,Size Issue,4237.2,,,
R1037,O08802,2025-02-16 0:00:00,Wrong Product,3861.31,,,
R1038,O05386,2024-12-30 0:00:00,Size Issue,1312.57,,,
R1039,O08431,2026-02-04 0:00:00,Wrong Product,4542.19,,,
R1040,O07428,2023-04-15 0:00:00,Size Issue,292.87,,,
R1041,O05161,2025-10-25 0:00:00,Size Issue,3732.96,,,
R1042,O03471,2025-11-23 0:00:00,Damaged,2877.61,,,
R1043,O17861,2024-12-31 0:00:00,Wrong Product,4109.37,,,
R1044,O05907,2026-01-20 0:00:00,Size Issue,4351.82,,,
R1045,O10854,2025-09-12 0:00:00,Wrong Product,410.82,,,
R1046,O12180,2023-06-05 0:00:00,Size Issue,2049.36,,,
R1047,O14353,2024-05-09 0:00:00,Late Delivery,1898.66,,,
R1048,O13032,2023-05-19 0:00:00,Size Issue,726.22,,,
R1049,O00398,2023-08-17 0:00:00,Size Issue,2028.57,,,
R1050,O04179,2023-09-23 0:00:00,Wrong Product,2131.43,,,
R1051,O13974,2025-12-12 0:00:00,Wrong Product,2063.02,,,
R1052,O12960,2026-03-10 0:00:00,Size Issue,2129.36,,,
R1053,O07936,2024-08-27 0:00:00,Damaged,3943.6,,,
R1054,O03351,2024-01-11 0:00:00,Size Issue,170.07,,,
R1055,O07074,2024-06-16 0:00:00,Damaged,3421.32,,,
R1056,O16659,2023-04-03 0:00:00,Wrong Product,4201.46,,,
R1057,O17606,2024-08-07 0:00:00,Size Issue,199.9,,,
R1058,O15366,2024-06-02 0:00:00,Late Delivery,2547.19,,,
R1059,O02909,2024-06-19 0:00:00,Size Issue,2518.67,,,
R1060,O07707,2024-04-13 0:00:00,Late Delivery,2101.74,,,
R1061,O01969,2026-01-31 0:00:00,Wrong Product,1032.79,,,
R1062,O01869,2023-08-13 0:00:00,Damaged,4558.72,,,
R1063,O17955,2024-01-14 0:00:00,Wrong Product,4765.19,,,
R1064,O12625,2023-10-16 0:00:00,Size Issue,4838.69,,,
R1065,O10591,2025-02-28 0:00:00,Damaged,905.75,,,
R1066,O06603,2025-06-18 0:00:00,Damaged,1949.96,,,
R1067,O09788,2024-10-24 0:00:00,Size Issue,4213.85,,,
R1068,O00813,2025-04-15 0:00:00,Size Issue,406.78,,,
R1069,O13633,2023-07-30 0:00:00,Size Issue,467.07,,,
R1070,O05832,2026-01-22 0:00:00,Wrong Product,3257.32,,,
R1071,O09997,2024-09-09 0:00:00,Size Issue,4989,,,
R1072,O16285,2026-02-25 0:00:00,Size Issue,380.89,,,
R1073,O19293,2024-02-09 0:00:00,Damaged,826.83,,,
R1074,O04992,2025-10-22 0:00:00,Size Issue,398.21,,,
R1075,O05586,2025-11-16 0:00:00,Damaged,3196.22,,,
R1076,O17641,2024-07-05 0:00:00,Damaged,4166.12,,,
R1077,O08865,2025-03-22 0:00:00,Size Issue,1803.11,,,
R1078,O07915,2023-12-12 0:00:00,Size Issue,3392.93,,,
R1079,O17411,2024-04-11 0:00:00,Wrong Product,3463.66,,,
R1080,O11577,2024-11-22 0:00:00,Wrong Product,2986.5,,,
R1081,O14494,2023-01-08 0:00:00,Damaged,4935.67,,,
R1082,O03060,2025-07-28 0:00:00,Size Issue,882.84,,,
R1083,O09137,2025-11-20 0:00:00,Damaged,4289.44,,,
R1084,O09491,2024-07-03 0:00:00,Size Issue,3301.48,,,
R1085,O02725,2023-11-10 0:00:00,Late Delivery,1080.76,,,
R1086,O09590,2024-10-21 0:00:00,Wrong Product,2003.35,,,
R1087,O07011,2026-03-26 0:00:00,Late Delivery,957.88,,,
R1088,O10029,2025-03-14 0:00:00,Wrong Product,4470.62,,,
R1089,O12141,2024-11-08 0:00:00,Wrong Product,4684.34,,,
R1090,O13902,2025-02-23 0:00:00,Late Delivery,3375.04,,,
R1091,O19722,2025-01-01 0:00:00,Wrong Product,2265.86,,,
R1092,O12508,2025-01-17 0:00:00,Late Delivery,244.23,,,
R1093,O14963,2025-06-24 0:00:00,Size Issue,411.25,,,
R1094,O16065,2023-01-05 0:00:00,Size Issue,2038.72,,,
R1095,O19134,2023-05-21 0:00:00,Wrong Product,3714.51,,,
R1096,O01167,2024-03-17 0:00:00,Wrong Product,4139.12,,,
R1097,O07113,2025-07-29 0:00:00,Wrong Product,3517.09,,,
R1098,O10759,2023-01-07 0:00:00,Late Delivery,3070.56,,,
R1099,O12908,2025-09-10 0:00:00,Size Issue,3340.1,,,
R1100,O17879,2024-01-13 0:00:00,Wrong Product,527.11,,,
R1101,O19900,2025-02-01 0:00:00,Late Delivery,3692.26,,,
R1102,O00052,2025-12-20 0:00:00,Size Issue,1612.4,,,
R1103,O01329,2024-11-24 0:00:00,Size Issue,4234.32,,,
R1104,O15407,2024-03-23 0:00:00,Size Issue,4571.33,,,
R1105,O19388,2025-03-08 0:00:00,Late Delivery,1288.73,,,
R1106,O07063,2024-03-31 0:00:00,Size Issue,4330.8,,,
R1107,O18249,2025-11-23 0:00:00,Size Issue,2006.75,,,
R1108,O06002,2025-01-15 0:00:00,Late Delivery,4671.09,,,
R1109,O05636,2025-03-08 0:00:00,Size Issue,1460.45,,,
R1110,O06502,2023-04-20 0:00:00,Wrong Product,2277.62,,,
R1111,O19596,2024-03-24 0:00:00,Size Issue,3485.88,,,
R1112,O11957,2023-03-03 0:00:00,Late Delivery,4987.5,,,
R1113,O01011,2025-10-29 0:00:00,Wrong Product,4311.79,,,
R1114,O17448,2024-05-23 0:00:00,Late Delivery,1092.11,,,
R1115,O04990,2023-10-11 0:00:00,Wrong Product,1981,,,
R1116,O03811,2024-10-22 0:00:00,Size Issue,4628.5,,,
R1117,O13005,2024-09-06 0:00:00,Size Issue,2846.21,,,
R1118,O13016,2023-08-30 0:00:00,Wrong Product,1500.95,,,
R1119,O15516,2025-10-20 0:00:00,Size Issue,1096.6,,,
R1120,O17707,2025-06-03 0:00:00,Damaged,4228.64,,,
R1121,O00076,2023-02-01 0:00:00,Size Issue,1901.07,,,
R1122,O05056,2024-12-26 0:00:00,Size Issue,117.71,,,
R1123,O00345,2023-08-14 0:00:00,Size Issue,1492.56,,,
R1124,O08515,2025-07-21 0:00:00,Wrong Product,260.26,,,
R1125,O03947,2025-06-22 0:00:00,Late Delivery,1113.62,,,
R1126,O16741,2025-11-08 0:00:00,Size Issue,4730.53,,,
R1127,O03405,2025-12-31 0:00:00,Size Issue,2473.12,,,
R1128,O08115,2024-04-18 0:00:00,Size Issue,1165.36,,,
R1129,O05871,2026-04-10 0:00:00,Size Issue,973.21,,,
R1130,O13701,2023-07-28 0:00:00,Late Delivery,689.87,,,
R1131,O17285,2025-03-02 0:00:00,Size Issue,4187.01,,,
R1132,O10853,2023-11-14 0:00:00,Size Issue,4268.75,,,
R1133,O16045,2023-05-25 0:00:00,Size Issue,3280.73,,,
R1134,O02968,2023-03-13 0:00:00,Late Delivery,3109.14,,,
R1135,O07006,2026-01-27 0:00:00,Damaged,3828.94,,,
R1136,O14780,2023-07-14 0:00:00,Damaged,3849.55,,,
R1137,O05388,2023-10-21 0:00:00,Wrong Product,967.37,,,
R1138,O07296,2025-04-08 0:00:00,Damaged,775.95,,,
R1139,O16335,2025-04-25 0:00:00,Size Issue,1346.7,,,
R1140,O05383,2023-01-15 0:00:00,Size Issue,280.48,,,
R1141,O15964,2024-12-05 0:00:00,Size Issue,1535.82,,,
R1142,O05679,2024-11-02 0:00:00,Damaged,809.2,,,
R1143,O00427,2024-03-31 0:00:00,Damaged,1415.4,,,
R1144,O16428,2023-05-01 0:00:00,Size Issue,4470.1,,,
R1145,O17466,2025-04-27 0:00:00,Wrong Product,4394.31,,,
R1146,O14308,2025-12-30 0:00:00,Size Issue,3599.37,,,
R1147,O17598,2026-01-24 0:00:00,Damaged,3116.35,,,
R1148,O12559,2023-05-18 0:00:00,Late Delivery,354.91,,,
R1149,O07741,2024-02-07 0:00:00,Size Issue,2005.1,,,
R1150,O12479,2025-01-14 0:00:00,Size Issue,4619.13,,,
R1151,O08819,2023-10-29 0:00:00,Damaged,2486.12,,,
R1152,O16519,2023-03-03 0:00:00,Late Delivery,452.05,,,
R1153,O11031,2025-08-10 0:00:00,Late Delivery,2783.09,,,
R1154,O13566,2023-08-16 0:00:00,Damaged,3661.06,,,
R1155,O09547,2023-05-07 0:00:00,Size Issue,1956.76,,,
R1156,O09765,2023-08-20 0:00:00,Late Delivery,4559.89,,,
R1157,O00581,2025-03-09 0:00:00,Damaged,2560.67,,,
R1158,O17559,2024-02-06 0:00:00,Wrong Product,4039.89,,,
R1159,O12149,2023-05-03 0:00:00,Late Delivery,2389.13,,,
R1160,O03201,2023-06-18 0:00:00,Wrong Product,3120.88,,,
R1161,O10104,2026-03-11 0:00:00,Wrong Product,3879.24,,,
R1162,O09071,2024-03-16 0:00:00,Size Issue,4753.48,,,
R1163,O04527,2024-01-06 0:00:00,Size Issue,3022.58,,,
R1164,O18153,2025-11-04 0:00:00,Late Delivery,3230.47,,,
R1165,O15734,2025-08-04 0:00:00,Wrong Product,3740.53,,,
R1166,O00758,2024-10-10 0:00:00,Size Issue,2649.83,,,
R1167,O11873,2023-11-13 0:00:00,Damaged,1784.3,,,
R1168,O16946,2025-01-21 0:00:00,Damaged,4537.94,,,
R1169,O05350,2023-07-08 0:00:00,Damaged,1516.57,,,
R1170,O17207,2026-02-09 0:00:00,Wrong Product,2078.45,,,
R1171,O16614,2024-06-15 0:00:00,Size Issue,3267.5,,,
R1172,O07781,2023-09-07 0:00:00,Size Issue,2306.82,,,
R1173,O13100,2024-05-30 0:00:00,Wrong Product,4127.64,,,
R1174,O00867,2023-06-05 0:00:00,Wrong Product,1866.34,,,
R1175,O16377,2025-03-05 0:00:00,Size Issue,1792.02,,,
R1176,O16123,2024-03-30 0:00:00,Late Delivery,2476.74,,,
R1177,O05183,2024-07-24 0:00:00,Size Issue,1958.43,,,
R1178,O11829,2024-09-22 0:00:00,Size Issue,3185.34,,,
R1179,O01003,2025-03-26 0:00:00,Late Delivery,1718.25,,,
R1180,O01873,2024-06-22 0:00:00,Late Delivery,3998.64,,,
R1181,O06453,2026-03-30 0:00:00,Late Delivery,2346.29,,,
R1182,O11456,2026-02-24 0:00:00,Size Issue,3973.54,,,
R1183,O02071,2024-01-17 0:00:00,Size Issue,4618.76,,,
R1184,O04678,2023-04-19 0:00:00,Wrong Product,2786.53,,,
R1185,O03134,2024-05-23 0:00:00,Wrong Product,3522.59,,,
R1186,O04325,2023-01-13 0:00:00,Wrong Product,2355.35,,,
R1187,O06364,2023-03-15 0:00:00,Late Delivery,756.71,,,
R1188,O00307,2025-05-19 0:00:00,Size Issue,1475.23,,,
R1189,O18766,2023-07-23 0:00:00,Size Issue,3631.4,,,
R1190,O02422,2023-10-07 0:00:00,Wrong Product,3266.93,,,
R1191,O11240,2024-01-11 0:00:00,Size Issue,4119.42,,,
R1192,O12568,2023-08-11 0:00:00,Wrong Product,3346.16,,,
R1193,O15856,2025-09-20 0:00:00,Size Issue,4156.89,,,
R1194,O16966,2024-08-25 0:00:00,Damaged,3911.19,,,
R1195,O09689,2026-01-01 0:00:00,Wrong Product,145.46,,,
R1196,O07906,2024-08-03 0:00:00,Damaged,3647.72,,,
R1197,O00174,2024-08-10 0:00:00,Late Delivery,381.85,,,
R1198,O04073,2023-01-12 0:00:00,Size Issue,280.84,,,
R1199,O06031,2023-07-15 0:00:00,Size Issue,3352.66,,,
R1200,O17705,2023-03-15 0:00:00,Size Issue,4196.17,,,
R1201,O19906,2023-07-11 0:00:00,Size Issue,4608.44,,,
R1202,O03840,2023-12-12 0:00:00,Late Delivery,1952.31,,,
R1203,O12222,2025-10-13 0:00:00,Size Issue,2683.83,,,
R1204,O07780,2023-06-25 0:00:00,Late Delivery,2074.86,,,
R1205,O19895,2023-05-24 0:00:00,Wrong Product,140.26,,,
R1206,O00371,2024-02-02 0:00:00,Size Issue,855.03,,,
R1207,O17716,2024-07-08 0:00:00,Late Delivery,3391.14,,,
R1208,O06661,2023-04-04 0:00:00,Wrong Product,3581.98,,,
R1209,O07559,2024-10-18 0:00:00,Damaged,4266.29,,,
R1210,O01305,2025-08-05 0:00:00,Damaged,1641.57,,,
R1211,O00396,2024-09-18 0:00:00,Size Issue,4762.38,,,
R1212,O00248,2024-04-03 0:00:00,Wrong Product,896.69,,,
R1213,O13164,2026-01-21 0:00:00,Size Issue,4587.32,,,
R1214,O00077,2025-02-13 0:00:00,Size Issue,3151.75,,,
R1215,O05681,2023-12-31 0:00:00,Size Issue,4246.11,,,
R1216,O17713,2023-11-23 0:00:00,Damaged,2700.77,,,
R1217,O19052,2025-03-16 0:00:00,Wrong Product,2530.55,,,
R1218,O15894,2025-12-14 0:00:00,Size Issue,2766.27,,,
R1219,O12197,2023-02-03 0:00:00,Size Issue,2558.29,,,
R1220,O14844,2023-03-15 0:00:00,Size Issue,1724.5,,,
R1221,O09486,2023-02-27 0:00:00,Size Issue,4429.47,,,
R1222,O11553,2023-09-16 0:00:00,Late Delivery,3690.22,,,
R1223,O00947,2025-11-20 0:00:00,Size Issue,563.62,,,
R1224,O10927,2024-08-30 0:00:00,Size Issue,3061.31,,,
R1225,O17020,2026-04-10 0:00:00,Wrong Product,3968.98,,,
R1226,O18387,2024-12-16 0:00:00,Damaged,252.22,,,
R1227,O16605,2026-01-14 0:00:00,Size Issue,4425.54,,,
R1228,O05672,2025-02-28 0:00:00,Late Delivery,3914.9,,,
R1229,O01231,2026-01-12 0:00:00,Wrong Product,4674.5,,,
R1230,O10806,2026-01-29 0:00:00,Damaged,260.74,,,
R1231,O06118,2023-08-26 0:00:00,Late Delivery,1535.44,,,
R1232,O03791,2025-04-15 0:00:00,Size Issue,1031.1,,,
R1233,O16821,2025-12-02 0:00:00,Size Issue,4130.34,,,
R1234,O18307,2023-09-13 0:00:00,Late Delivery,610.13,,,
R1235,O18121,2024-04-02 0:00:00,Damaged,3808.77,,,
R1236,O01493,2025-06-29 0:00:00,Size Issue,3237.94,,,
R1237,O08121,2024-01-27 0:00:00,Late Delivery,3255.4,,,
R1238,O17364,2024-08-09 0:00:00,Damaged,3136.5,,,
R1239,O13788,2026-04-13 0:00:00,Late Delivery,2802.4,,,
R1240,O17550,2026-03-23 0:00:00,Wrong Product,4785.35,,,
R1241,O14024,2024-08-12 0:00:00,Size Issue,3538.11,,,
R1242,O19940,2023-07-24 0:00:00,Size Issue,1885.54,,,
R1243,O00368,2024-05-05 0:00:00,Damaged,4981.43,,,
R1244,O18722,2025-01-23 0:00:00,Late Delivery,4107.31,,,
R1245,O07566,2023-05-16 0:00:00,Wrong Product,3081.6,,,
R1246,O01129,2025-07-09 0:00:00,Size Issue,628.03,,,
R1247,O16973,2025-12-16 0:00:00,Wrong Product,825.57,,,
R1248,O11003,2025-10-16 0:00:00,Damaged,4334.35,,,
R1249,O10923,2023-03-20 0:00:00,Wrong Product,4719.07,,,
R1250,O19644,2023-04-20 0:00:00,Size Issue,2125.07,,,
R1251,O00870,2024-01-11 0:00:00,Damaged,2891.54,,,
R1252,O05221,2025-08-30 0:00:00,Wrong Product,896.25,,,
R1253,O01223,2024-06-07 0:00:00,Size Issue,2014.08,,,
R1254,O16763,2024-04-27 0:00:00,Damaged,4599.77,,,
R1255,O16997,2025-12-02 0:00:00,Size Issue,4265.79,,,
R1256,O14132,2024-09-28 0:00:00,Size Issue,4834.56,,,
R1257,O13403,2025-07-13 0:00:00,Late Delivery,976.15,,,
R1258,O03181,2024-01-23 0:00:00,Wrong Product,3842.75,,,
R1259,O06726,2026-02-04 0:00:00,Size Issue,1307.1,,,
R1260,O19123,2025-11-15 0:00:00,Size Issue,2169.54,,,
R1261,O17852,2024-08-27 0:00:00,Size Issue,2341.18,,,
R1262,O15528,2026-01-09 0:00:00,Size Issue,2969.3,,,
R1263,O11281,2025-05-21 0:00:00,Damaged,2629.33,,,
R1264,O18003,2026-02-06 0:00:00,Wrong Product,1155.9,,,
R1265,O03336,2023-09-12 0:00:00,Late Delivery,3261.93,,,
R1266,O12855,2026-04-15 0:00:00,Wrong Product,4943.17,,,
R1267,O05840,2025-04-04 0:00:00,Damaged,2366.16,,,
R1268,O15201,2023-11-02 0:00:00,Size Issue,1660.81,,,
R1269,O16642,2023-07-07 0:00:00,Size Issue,2395.16,,,
R1270,O14751,2025-08-04 0:00:00,Size Issue,4271.71,,,
R1271,O19405,2023-07-14 0:00:00,Size Issue,3704.54,,,
R1272,O08436,2024-04-17 0:00:00,Damaged,4962.96,,,
R1273,O14773,2024-04-09 0:00:00,Wrong Product,712.97,,,
R1274,O13572,2025-06-27 0:00:00,Size Issue,1144.98,,,
R1275,O14490,2025-05-29 0:00:00,Size Issue,3784.55,,,
R1276,O10025,2025-10-01 0:00:00,Size Issue,374.1,,,
R1277,O09195,2026-04-04 0:00:00,Size Issue,718.11,,,
R1278,O06783,2025-05-02 0:00:00,Damaged,3200.99,,,
R1279,O09940,2024-12-28 0:00:00,Damaged,3442.54,,,
R1280,O16228,2024-02-22 0:00:00,Size Issue,885.39,,,
R1281,O14119,2023-08-28 0:00:00,Size Issue,3840.15,,,
R1282,O13148,2025-04-27 0:00:00,Late Delivery,3681.33,,,
R1283,O04449,2024-06-04 0:00:00,Size Issue,3469.79,,,
R1284,O10098,2023-04-10 0:00:00,Size Issue,4863.25,,,
R1285,O12424,2025-12-13 0:00:00,Size Issue,1983.38,,,
R1286,O07783,2023-08-01 0:00:00,Wrong Product,2845.07,,,
R1287,O02943,2023-04-12 0:00:00,Size Issue,1368.06,,,
R1288,O09882,2024-06-04 0:00:00,Size Issue,3720.57,,,
R1289,O03903,2026-04-14 0:00:00,Damaged,3963.99,,,
R1290,O00557,2024-09-01 0:00:00,Size Issue,4464.77,,,
R1291,O17820,2024-08-03 0:00:00,Wrong Product,4666.31,,,
R1292,O09231,2024-01-05 0:00:00,Wrong Product,3696.28,,,
R1293,O18342,2026-03-03 0:00:00,Damaged,816.84,,,
R1294,O09371,2023-05-05 0:00:00,Damaged,3495.09,,,
R1295,O19870,2024-06-28 0:00:00,Size Issue,2115.62,,,
R1296,O09675,2024-09-10 0:00:00,Damaged,1984.08,,,
R1297,O14449,2023-01-16 0:00:00,Wrong Product,3119.7,,,
R1298,O00588,2023-05-03 0:00:00,Late Delivery,3909.17,,,
R1299,O14889,2025-12-30 0:00:00,Late Delivery,646.86,,,
R1300,O05865,2023-05-17 0:00:00,Late Delivery,3430.21,,,
R1301,O03613,2025-07-16 0:00:00,Late Delivery,4256,,,
R1302,O12534,2023-03-17 0:00:00,Size Issue,1280.45,,,
R1303,O03139,2024-12-30 0:00:00,Wrong Product,1400.15,,,
R1304,O05260,2025-12-02 0:00:00,Size Issue,2362.16,,,
R1305,O12266,2024-03-04 0:00:00,Size Issue,1817.79,,,
R1306,O08966,2025-02-14 0:00:00,Damaged,2976.16,,,
R1307,O10411,2024-07-04 0:00:00,Size Issue,3530,,,
R1308,O11167,2025-07-16 0:00:00,Damaged,3118.54,,,
R1309,O16741,2023-10-28 0:00:00,Late Delivery,1334.61,,,
R1310,O07776,2024-04-19 0:00:00,Size Issue,2393.25,,,
R1311,O12046,2023-03-14 0:00:00,Late Delivery,3443.15,,,
R1312,O09258,2025-11-17 0:00:00,Size Issue,2720.73,,,
R1313,O08862,2025-10-16 0:00:00,Size Issue,3175.3,,,
R1314,O11477,2023-12-12 0:00:00,Size Issue,4520.79,,,
R1315,O10985,2024-09-25 0:00:00,Wrong Product,1424.19,,,
R1316,O17805,2023-11-12 0:00:00,Late Delivery,4749.08,,,
R1317,O10246,2024-10-14 0:00:00,Late Delivery,3143.6,,,
R1318,O14120,2023-04-16 0:00:00,Wrong Product,531.2,,,
R1319,O03926,2025-08-18 0:00:00,Late Delivery,879.91,,,
R1320,O04209,2023-08-16 0:00:00,Late Delivery,4954.93,,,
R1321,O10939,2024-11-03 0:00:00,Damaged,4850.71,,,
R1322,O19351,2024-08-07 0:00:00,Damaged,1625.76,,,
R1323,O18591,2024-08-26 0:00:00,Late Delivery,3118.59,,,
R1324,O09163,2025-01-24 0:00:00,Late Delivery,3249.5,,,
R1325,O06817,2024-04-21 0:00:00,Size Issue,730.94,,,
R1326,O09419,2024-11-24 0:00:00,Size Issue,2626.09,,,
R1327,O19315,2023-03-10 0:00:00,Wrong Product,3607.36,,,
R1328,O17128,2024-11-13 0:00:00,Size Issue,163.28,,,
R1329,O00025,2025-11-20 0:00:00,Size Issue,1879.03,,,
R1330,O02637,2026-03-09 0:00:00,Size Issue,1411.27,,,
R1331,O05498,2025-05-07 0:00:00,Size Issue,1530.22,,,
R1332,O18714,2024-01-18 0:00:00,Size Issue,3170.68,,,
R1333,O09421,2024-07-06 0:00:00,Late Delivery,2717.35,,,
R1334,O17227,2025-11-06 0:00:00,Size Issue,1280.89,,,
R1335,O11643,2024-01-13 0:00:00,Size Issue,1808.11,,,
R1336,O02461,2024-08-20 0:00:00,Damaged,4875.05,,,
R1337,O19257,2025-11-05 0:00:00,Wrong Product,3880.18,,,
R1338,O03547,2025-09-20 0:00:00,Late Delivery,701.73,,,
R1339,O13674,2024-03-20 0:00:00,Late Delivery,410.76,,,
R1340,O07827,2023-06-05 0:00:00,Damaged,1759.54,,,
R1341,O11628,2023-10-11 0:00:00,Size Issue,697.79,,,
R1342,O08613,2024-10-28 0:00:00,Wrong Product,3929.37,,,
R1343,O14269,2026-02-02 0:00:00,Size Issue,4052.36,,,
R1344,O00550,2024-08-12 0:00:00,Late Delivery,2937.09,,,
R1345,O11172,2025-06-16 0:00:00,Size Issue,2736.6,,,
R1346,O13773,2023-11-04 0:00:00,Late Delivery,2670.68,,,
R1347,O18062,2023-09-19 0:00:00,Wrong Product,4191.98,,,
R1348,O05470,2023-06-01 0:00:00,Damaged,1648.15,,,
R1349,O17375,2023-04-18 0:00:00,Size Issue,3135.05,,,
R1350,O16674,2025-05-01 0:00:00,Size Issue,3805.57,,,
R1351,O13134,2023-06-04 0:00:00,Wrong Product,833.09,,,
R1352,O09700,2023-02-05 0:00:00,Size Issue,1160.28,,,
R1353,O13204,2025-02-28 0:00:00,Late Delivery,4696.34,,,
R1354,O06155,2024-11-10 0:00:00,Wrong Product,3557.73,,,
R1355,O05621,2026-03-03 0:00:00,Late Delivery,1744.37,,,
R1356,O08302,2024-11-04 0:00:00,Late Delivery,1915.1,,,
R1357,O04813,2024-07-29 0:00:00,Wrong Product,1202.86,,,
R1358,O03466,2023-08-22 0:00:00,Damaged,4933.08,,,
R1359,O01499,2023-04-07 0:00:00,Size Issue,1776.23,,,
R1360,O15846,2023-10-14 0:00:00,Wrong Product,4758.57,,,
R1361,O05753,2023-06-18 0:00:00,Size Issue,2083.63,,,
R1362,O06559,2024-01-04 0:00:00,Late Delivery,2128.86,,,
R1363,O13779,2024-11-22 0:00:00,Size Issue,2034.56,,,
R1364,O19558,2023-08-02 0:00:00,Damaged,3433.42,,,
R1365,O16306,2024-11-27 0:00:00,Size Issue,2461.64,,,
R1366,O11771,2024-10-29 0:00:00,Size Issue,2803.16,,,
R1367,O13704,2025-04-02 0:00:00,Size Issue,855.67,,,
R1368,O00783,2024-09-16 0:00:00,Size Issue,3511.03,,,
R1369,O18790,2023-02-28 0:00:00,Size Issue,4604.93,,,
R1370,O08246,2024-05-01 0:00:00,Late Delivery,4708.32,,,
R1371,O04779,2025-01-15 0:00:00,Wrong Product,4821.2,,,
R1372,O05571,2023-08-28 0:00:00,Wrong Product,3491.34,,,
R1373,O15496,2024-01-28 0:00:00,Size Issue,3602.95,,,
R1374,O18750,2024-05-14 0:00:00,Late Delivery,2806.78,,,
R1375,O10165,2024-07-20 0:00:00,Size Issue,4004.3,,,
R1376,O17210,2025-07-02 0:00:00,Wrong Product,485.56,,,
R1377,O03286,2024-09-09 0:00:00,Late Delivery,492.09,,,
R1378,O02096,2025-01-04 0:00:00,Size Issue,1205.76,,,
R1379,O01283,2024-03-30 0:00:00,Late Delivery,1408.94,,,
R1380,O03075,2025-09-17 0:00:00,Damaged,3255.23,,,
R1381,O09760,2024-03-20 0:00:00,Damaged,1498.34,,,
R1382,O09138,2025-11-01 0:00:00,Size Issue,1385.78,,,
R1383,O03821,2024-03-08 0:00:00,Size Issue,818.1,,,
R1384,O11386,2023-11-22 0:00:00,Size Issue,2735.02,,,
R1385,O13994,2024-11-20 0:00:00,Size Issue,1585.22,,,
R1386,O06441,2024-06-16 0:00:00,Damaged,1472.96,,,
R1387,O04102,2026-02-21 0:00:00,Size Issue,2868.18,,,
R1388,O13270,2023-10-30 0:00:00,Late Delivery,4145.38,,,
R1389,O13428,2025-04-21 0:00:00,Size Issue,2024.95,,,
R1390,O15061,2025-07-13 0:00:00,Size Issue,1275.4,,,
R1391,O17202,2023-05-15 0:00:00,Wrong Product,4516.91,,,
R1392,O12401,2025-06-05 0:00:00,Size Issue,3873.17,,,
R1393,O00894,2025-02-11 0:00:00,Damaged,4378.07,,,
R1394,O05325,2023-04-07 0:00:00,Wrong Product,4003.74,,,
R1395,O09930,2023-11-19 0:00:00,Size Issue,2760.34,,,
R1396,O00774,2023-12-14 0:00:00,Wrong Product,2513.84,,,
R1397,O17436,2023-11-13 0:00:00,Size Issue,1078.53,,,
R1398,O07540,2025-12-21 0:00:00,Damaged,4705.6,,,
R1399,O13661,2024-07-03 0:00:00,Wrong Product,2399.33,,,
R1400,O02432,2024-03-13 0:00:00,Late Delivery,1200.37,,,
R1401,O17887,2025-11-21 0:00:00,Damaged,1453.47,,,
R1402,O06029,2026-01-09 0:00:00,Late Delivery,2616.09,,,
R1403,O17278,2024-04-16 0:00:00,Size Issue,4381.2,,,
R1404,O08551,2025-04-11 0:00:00,Late Delivery,1861.15,,,
R1405,O06908,2024-02-10 0:00:00,Wrong Product,1396.8,,,
R1406,O16627,2024-10-21 0:00:00,Damaged,172.78,,,
R1407,O07380,2023-07-31 0:00:00,Damaged,4200.97,,,
R1408,O00915,2023-11-11 0:00:00,Size Issue,3116.63,,,
R1409,O05557,2024-07-12 0:00:00,Late Delivery,2911.92,,,
R1410,O17776,2024-09-13 0:00:00,Damaged,694.23,,,
R1411,O10887,2024-08-19 0:00:00,Late Delivery,1378.12,,,
R1412,O03406,2023-03-12 0:00:00,Late Delivery,1717.68,,,
R1413,O07752,2024-08-02 0:00:00,Size Issue,3245.04,,,
R1414,O10884,2025-03-03 0:00:00,Damaged,2278.25,,,
R1415,O03323,2024-09-09 0:00:00,Wrong Product,216.93,,,
R1416,O04144,2023-09-08 0:00:00,Size Issue,4512.96,,,
R1417,O00468,2025-05-16 0:00:00,Late Delivery,2060.98,,,
R1418,O12110,2024-05-18 0:00:00,Size Issue,3530.82,,,
R1419,O00892,2024-11-06 0:00:00,Size Issue,3389.99,,,
R1420,O07029,2026-04-08 0:00:00,Size Issue,2731.86,,,
R1421,O07890,2024-11-28 0:00:00,Wrong Product,1168.33,,,
R1422,O13004,2023-09-11 0:00:00,Damaged,1613.11,,,
R1423,O07511,2025-10-04 0:00:00,Wrong Product,1680.18,,,
R1424,O01459,2023-04-03 0:00:00,Wrong Product,3293.5,,,
R1425,O09049,2025-07-21 0:00:00,Wrong Product,3306.81,,,
R1426,O05256,2024-06-28 0:00:00,Size Issue,4520.4,,,
R1427,O04994,2025-06-23 0:00:00,Damaged,4689.15,,,
R1428,O19570,2024-08-19 0:00:00,Size Issue,2308.1,,,
R1429,O02434,2025-06-18 0:00:00,Wrong Product,3109.85,,,
R1430,O05084,2025-05-22 0:00:00,Late Delivery,1800.76,,,
R1431,O13616,2024-07-30 0:00:00,Late Delivery,2031.23,,,
R1432,O14313,2025-02-01 0:00:00,Late Delivery,4374.43,,,
R1433,O05118,2025-10-12 0:00:00,Size Issue,3956.42,,,
R1434,O09193,2025-11-03 0:00:00,Late Delivery,615.59,,,
R1435,O03976,2025-05-26 0:00:00,Late Delivery,1334.9,,,
R1436,O17190,2023-07-30 0:00:00,Damaged,4427.34,,,
R1437,O14856,2023-11-29 0:00:00,Size Issue,4224.37,,,
R1438,O09794,2024-03-18 0:00:00,Wrong Product,1649.27,,,
R1439,O09892,2023-03-27 0:00:00,Damaged,3621.5,,,
R1440,O09543,2023-09-19 0:00:00,Late Delivery,4522.4,,,
R1441,O14298,2024-09-23 0:00:00,Wrong Product,1406.42,,,
R1442,O05670,2024-12-03 0:00:00,Wrong Product,2500.14,,,
R1443,O15724,2025-11-01 0:00:00,Size Issue,4641.44,,,
R1444,O15596,2025-04-14 0:00:00,Size Issue,4934.24,,,
R1445,O08836,2025-09-24 0:00:00,Size Issue,3148.44,,,
R1446,O14165,2023-05-27 0:00:00,Wrong Product,2342.16,,,
R1447,O01314,2024-09-05 0:00:00,Late Delivery,3487.04,,,
R1448,O19328,2024-06-03 0:00:00,Late Delivery,3610.43,,,
R1449,O13814,2024-04-24 0:00:00,Damaged,3230.69,,,
R1450,O16788,2025-06-23 0:00:00,Wrong Product,1000.71,,,
R1451,O07553,2024-05-05 0:00:00,Size Issue,2519.09,,,
R1452,O15175,2025-03-02 0:00:00,Size Issue,3076.23,,,
R1453,O07486,2024-10-07 0:00:00,Late Delivery,2390.34,,,
R1454,O11959,2024-11-07 0:00:00,Size Issue,4602.22,,,
R1455,O16350,2025-08-05 0:00:00,Late Delivery,4390.78,,,
R1456,O17749,2025-08-22 0:00:00,Size Issue,1342.26,,,
R1457,O12586,2025-11-21 0:00:00,Size Issue,4612.68,,,
R1458,O19060,2023-12-31 0:00:00,Damaged,2209.42,,,
R1459,O03216,2023-07-03 0:00:00,Damaged,4165.07,,,
R1460,O05337,2026-04-14 0:00:00,Late Delivery,3593.82,,,
R1461,O08082,2023-06-04 0:00:00,Size Issue,3311.89,,,
R1462,O18403,2023-05-27 0:00:00,Late Delivery,3296.02,,,
R1463,O17611,2023-11-18 0:00:00,Damaged,2228.13,,,
R1464,O09118,2025-11-17 0:00:00,Wrong Product,1758.1,,,
R1465,O09746,2023-12-13 0:00:00,Late Delivery,1352.46,,,
R1466,O16679,2025-04-19 0:00:00,Size Issue,3297.91,,,
R1467,O10399,2025-04-27 0:00:00,Size Issue,4763.57,,,
R1468,O00459,2025-10-13 0:00:00,Wrong Product,2980.83,,,
R1469,O06416,2023-07-10 0:00:00,Late Delivery,3048.56,,,
R1470,O09687,2023-09-13 0:00:00,Size Issue,1072.03,,,
R1471,O14502,2023-02-16 0:00:00,Size Issue,2977.02,,,
R1472,O06266,2023-10-13 0:00:00,Late Delivery,3508.12,,,
R1473,O18984,2024-12-14 0:00:00,Size Issue,1411.17,,,
R1474,O02799,2024-03-07 0:00:00,Size Issue,4777.69,,,
R1475,O03517,2024-08-15 0:00:00,Wrong Product,4199.68,,,
R1476,O10785,2024-02-18 0:00:00,Late Delivery,2209.85,,,
R1477,O12804,2025-08-14 0:00:00,Wrong Product,3879.01,,,
R1478,O10446,2024-12-11 0:00:00,Size Issue,2519.43,,,
R1479,O07198,2023-07-29 0:00:00,Late Delivery,4438.62,,,
R1480,O07653,2024-02-09 0:00:00,Damaged,2081.97,,,
R1481,O00499,2025-09-06 0:00:00,Damaged,1426.66,,,
R1482,O16253,2023-02-07 0:00:00,Size Issue,3898.25,,,
R1483,O07404,2025-03-06 0:00:00,Damaged,1797.47,,,
R1484,O05346,2024-05-04 0:00:00,Late Delivery,4147.05,,,
R1485,O04403,2024-10-27 0:00:00,Size Issue,4220.37,,,
R1486,O02895,2024-02-24 0:00:00,Late Delivery,4500.09,,,
R1487,O19369,2025-04-21 0:00:00,Size Issue,1772.92,,,
R1488,O05238,2025-05-08 0:00:00,Size Issue,4696.12,,,
R1489,O04526,2024-10-22 0:00:00,Size Issue,2775.42,,,
R1490,O18196,2025-10-01 0:00:00,Size Issue,1081.01,,,
R1491,O10596,2024-08-08 0:00:00,Late Delivery,2455.45,,,
R1492,O19913,2023-07-20 0:00:00,Size Issue,3214.02,,,
R1493,O07011,2023-10-08 0:00:00,Size Issue,527.4,,,
R1494,O02805,2024-03-05 0:00:00,Size Issue,3676.85,,,
R1495,O11666,2025-01-24 0:00:00,Damaged,1833.5,,,
R1496,O09074,2025-02-25 0:00:00,Size Issue,1100.86,,,
R1497,O16653,2025-02-19 0:00:00,Size Issue,3437.57,,,
R1498,O00340,2025-07-12 0:00:00,Damaged,3169.65,,,
R1499,O19544,2025-10-06 0:00:00,Size Issue,2989.64,,,
R1500,O14675,2024-06-15 0:00:00,Damaged,3174.17,,,
